competition_name;match_id;match_number;fixture;team;player_id;total_playing_time;effective_playing_time;in_possession_time;out_of_possession_time
Example Cup 2024;EXC2024-M01;1;TMA v TMB;TMA;TMA006;96;50.7223;27.8854;22.8369
Example Cup 2024;EXC2024-M01;1;TMA v TMB;TMA;TMA016;84;45.3425;22.8901;22.4524
Example Cup 2024;EXC2024-M01;1;TMA v TMB;TMA;TMA007;96;50.6491;26.2865;24.3626
Example Cup 2024;EXC2024-M01;1;TMA v TMB;TMA;TMA023;53;27.8718;13.4061;14.4657
Example Cup 2024;EXC2024-M01;1;TMA v TMB;TMA;TMA013;58;31.7454;15.8995;15.8459
Example Cup 2024;EXC2024-M01;1;TMA v TMB;TMA;TMA020;96;51.4597;24.5313;26.9284
Example Cup 2024;EXC2024-M01;1;TMA v TMB;TMA;TMA015;47;24.2009;11.1512;13.0497
Example Cup 2024;EXC2024-M01;1;TMA v TMB;TMA;TMA008;96;48.0607;23.4417;24.619
Example Cup 2024;EXC2024-M01;1;TMA v TMB;TMA;TMA021;96;48.885;25.5808;23.3042
Example Cup 2024;EXC2024-M01;1;TMA v TMB;TMA;TMA019;96;51.1137;27.7104;23.4033
Example Cup 2024;EXC2024-M01;1;TMA v TMB;TMA;TMA017;60;33.1959;17.356;15.8399
Example Cup 2024;EXC2024-M01;1;TMA v TMB;TMA;TMA005;49;24.7279;11.5785;13.1494
Example Cup 2024;EXC2024-M01;1;TMA v TMB;TMA;TMA012;43;23.686;11.4542;12.2318
Example Cup 2024;EXC2024-M01;1;TMA v TMB;TMA;TMA001;38;19.3939;10.485900000000001;8.908
Example Cup 2024;EXC2024-M01;1;TMA v TMB;TMA;TMA009;36;18.5338;10.084;8.4498
Example Cup 2024;EXC2024-M01;1;TMA v TMB;TMA;TMA018;12;6.1235;2.8084;3.3151
Example Cup 2024;EXC2024-M01;1;TMA v TMB;TMB;TMB011;96;50.5997;25.7482;24.8515
Example Cup 2024;EXC2024-M01;1;TMA v TMB;TMB;TMB020;96;52.89;28.2854;24.6046
Example Cup 2024;EXC2024-M01;1;TMA v TMB;TMB;TMB005;46;23.7913;12.6641;11.1272
Example Cup 2024;EXC2024-M01;1;TMA v TMB;TMB;TMB016;96;51.8339;24.1904;27.6435
Example Cup 2024;EXC2024-M01;1;TMA v TMB;TMB;TMB019;59;32.3947;17.6273;14.7674
Example Cup 2024;EXC2024-M01;1;TMA v TMB;TMB;TMB002;96;50.8153;24.5023;26.313
Example Cup 2024;EXC2024-M01;1;TMA v TMB;TMB;TMB022;57;31.414;16.7572;14.6568
Example Cup 2024;EXC2024-M01;1;TMA v TMB;TMB;TMB013;47;26.1791;12.227;13.9521
Example Cup 2024;EXC2024-M01;1;TMA v TMB;TMB;TMB023;96;49.8178;23.1972;26.6206
Example Cup 2024;EXC2024-M01;1;TMA v TMB;TMB;TMB004;96;50.7439;25.5791;25.1648
Example Cup 2024;EXC2024-M01;1;TMA v TMB;TMB;TMB015;79;43.1866;22.0262;21.1604
Example Cup 2024;EXC2024-M01;1;TMA v TMB;TMB;TMB006;50;27.6009;13.6086;13.9923
Example Cup 2024;EXC2024-M01;1;TMA v TMB;TMB;TMB009;49;27.3869;15.0229;12.364
Example Cup 2024;EXC2024-M01;1;TMA v TMB;TMB;TMB007;39;19.5802;9.8575;9.7227
Example Cup 2024;EXC2024-M01;1;TMA v TMB;TMB;TMB008;37;19.7172;10.4105;9.3067
Example Cup 2024;EXC2024-M01;1;TMA v TMB;TMB;TMB003;17;9.3876;4.7786;4.609
Example Cup 2024;EXC2024-M02;2;TMC v TMD;TMC;TMC006;100;50.5984;26.0621;24.5363
Example Cup 2024;EXC2024-M02;2;TMC v TMD;TMC;TMC019;100;51.1429;24.2895;26.8534
Example Cup 2024;EXC2024-M02;2;TMC v TMD;TMC;TMC016;100;52.53;26.6346;25.8954
Example Cup 2024;EXC2024-M02;2;TMC v TMD;TMC;TMC022;93;49.672;26.4657;23.2063
Example Cup 2024;EXC2024-M02;2;TMC v TMD;TMC;TMC012;100;54.5419;26.2315;28.3104
Example Cup 2024;EXC2024-M02;2;TMC v TMD;TMC;TMC013;54;27.8277;13.178;14.6497
Example Cup 2024;EXC2024-M02;2;TMC v TMD;TMC;TMC009;90;46.2571;24.8509;21.4062
Example Cup 2024;EXC2024-M02;2;TMC v TMD;TMC;TMC004;54;30.1189;16.5297;13.5892
Example Cup 2024;EXC2024-M02;2;TMC v TMD;TMC;TMC003;51;27.7463;13.4647;14.2816
Example Cup 2024;EXC2024-M02;2;TMC v TMD;TMC;TMC001;100;50.6996;23.964;26.7356
Example Cup 2024;EXC2024-M02;2;TMC v TMD;TMC;TMC014;100;51.1566;28.0022;23.1544
Example Cup 2024;EXC2024-M02;2;TMC v TMD;TMC;TMC008;49;27.1928;13.2418;13.951
Example Cup 2024;EXC2024-M02;2;TMC v TMD;TMC;TMC011;46;24.521;12.8981;11.6229
Example Cup 2024;EXC2024-M02;2;TMC v TMD;TMC;TMC010;46;25.1674;11.9391;13.2283
Example Cup 2024;EXC2024-M02;2;TMC v TMD;TMC;TMC002;10;5.5345;2.7913;2.7432
Example Cup 2024;EXC2024-M02;2;TMC v TMD;TMC;TMC005;7;3.8345;1.9249;1.9096
Example Cup 2024;EXC2024-M02;2;TMC v TMD;TMD;TMD012;100;51.2766;24.628;26.6486
Example Cup 2024;EXC2024-M02;2;TMC v TMD;TMD;TMD014;100;55.0048;27.7187;27.2861
Example Cup 2024;EXC2024-M02;2;TMC v TMD;TMD;TMD023;74;40.4236;18.7287;21.6949
Example Cup 2024;EXC2024-M02;2;TMC v TMD;TMD;TMD003;88;48.716;26.7341;21.9819
Example Cup 2024;EXC2024-M02;2;TMC v TMD;TMD;TMD011;100;50.9986;25.782;25.2166
Example Cup 2024;EXC2024-M02;2;TMC v TMD;TMD;TMD018;55;30.1569;14.2455;15.9114
Example Cup 2024;EXC2024-M02;2;TMC v TMD;TMD;TMD009;100;55.9335;26.2989;29.6346
Example Cup 2024;EXC2024-M02;2;TMC v TMD;TMD;TMD004;100;51.3121;23.6654;27.6467
Example Cup 2024;EXC2024-M02;2;TMC v TMD;TMD;TMD002;100;55.7725;29.4932;26.2793
Example Cup 2024;EXC2024-M02;2;TMC v TMD;TMD;TMD017;86;43.4523;22.3159;21.1364
Example Cup 2024;EXC2024-M02;2;TMC v TMD;TMD;TMD007;64;33.2963;16.2202;17.0761
Example Cup 2024;EXC2024-M02;2;TMC v TMD;TMD;TMD008;45;23.2704;12.66;10.6104
Example Cup 2024;EXC2024-M02;2;TMC v TMD;TMD;TMD013;36;18.8337;9.8231;9.0106
Example Cup 2024;EXC2024-M02;2;TMC v TMD;TMD;TMD022;26;14.4886;6.8075;7.6811
Example Cup 2024;EXC2024-M02;2;TMC v TMD;TMD;TMD006;14;7.1008;3.6539;3.4469
Example Cup 2024;EXC2024-M02;2;TMC v TMD;TMD;TMD001;12;6.3741;2.9983;3.3758
Example Cup 2024;EXC2024-M03;3;TME v TMF;TME;TME005;101;55.2364;26.9788;28.2576
Example Cup 2024;EXC2024-M03;3;TME v TMF;TME;TME003;87;44.4696;21.8947;22.5749
Example Cup 2024;EXC2024-M03;3;TME v TMF;TME;TME004;101;51.3482;24.1604;27.1878
Example Cup 2024;EXC2024-M03;3;TME v TMF;TME;TME011;101;51.4357;26.0202;25.4155
Example Cup 2024;EXC2024-M03;3;TME v TMF;TME;TME017;101;51.9648;25.2774;26.6874
Example Cup 2024;EXC2024-M03;3;TME v TMF;TME;TME012;45;22.5595;11.485;11.0745
Example Cup 2024;EXC2024-M03;3;TME v TMF;TME;TME023;51;25.6179;11.7652;13.8527
Example Cup 2024;EXC2024-M03;3;TME v TMF;TME;TME007;101;55.1653;26.7751;28.3902
Example Cup 2024;EXC2024-M03;3;TME v TMF;TME;TME009;71;39.1863;19.2322;19.9541
Example Cup 2024;EXC2024-M03;3;TME v TMF;TME;TME006;101;53.6461;26.5706;27.0755
Example Cup 2024;EXC2024-M03;3;TME v TMF;TME;TME016;79;43.2612;22.9989;20.2623
Example Cup 2024;EXC2024-M03;3;TME v TMF;TME;TME021;56;28.9409;13.2795;15.6614
Example Cup 2024;EXC2024-M03;3;TME v TMF;TME;TME002;50;25.7517;13.0235;12.7282
Example Cup 2024;EXC2024-M03;3;TME v TMF;TME;TME008;30;15.3368;8.1257;7.2111
Example Cup 2024;EXC2024-M03;3;TME v TMF;TME;TME001;22;11.1411;5.0186;6.1225
Example Cup 2024;EXC2024-M03;3;TME v TMF;TME;TME020;14;7.0251;3.4312;3.5939
Example Cup 2024;EXC2024-M03;3;TME v TMF;TMF;TMF020;101;51.9168;26.7924;25.1244
Example Cup 2024;EXC2024-M03;3;TME v TMF;TMF;TMF009;101;54.9211;25.4019;29.5192
Example Cup 2024;EXC2024-M03;3;TME v TMF;TMF;TMF010;72;37.9302;20.0653;17.8649
Example Cup 2024;EXC2024-M03;3;TME v TMF;TMF;TMF019;66;34.9359;19.0234;15.9125
Example Cup 2024;EXC2024-M03;3;TME v TMF;TMF;TMF003;53;28.7193;13.9929;14.7264
Example Cup 2024;EXC2024-M03;3;TME v TMF;TMF;TMF015;101;53.5463;29.0245;24.5218
Example Cup 2024;EXC2024-M03;3;TME v TMF;TMF;TMF005;101;52.1619;27.9862;24.1757
Example Cup 2024;EXC2024-M03;3;TME v TMF;TMF;TMF014;101;54.829;25.0288;29.8002
Example Cup 2024;EXC2024-M03;3;TME v TMF;TMF;TMF021;101;56.1872;28.3666;27.8206
Example Cup 2024;EXC2024-M03;3;TME v TMF;TMF;TMF016;64;33.0295;15.1814;17.8481
Example Cup 2024;EXC2024-M03;3;TME v TMF;TMF;TMF018;88;48.7959;24.9289;23.867
Example Cup 2024;EXC2024-M03;3;TME v TMF;TMF;TMF011;48;26.2705;12.6872;13.5833
Example Cup 2024;EXC2024-M03;3;TME v TMF;TMF;TMF002;37;20.2292;11.089;9.1402
Example Cup 2024;EXC2024-M03;3;TME v TMF;TMF;TMF004;35;19.476;9.9564;9.5196
Example Cup 2024;EXC2024-M03;3;TME v TMF;TMF;TMF017;29;14.9922;7.0516;7.9406
Example Cup 2024;EXC2024-M03;3;TME v TMF;TMF;TMF023;13;6.8456;3.7644;3.0812
Example Cup 2024;EXC2024-M04;4;TMG v TMH;TMG;TMG016;99;52.0606;23.7094;28.3512
Example Cup 2024;EXC2024-M04;4;TMG v TMH;TMG;TMG005;99;50.4207;26.7628;23.6579
Example Cup 2024;EXC2024-M04;4;TMG v TMH;TMG;TMG014;49;25.3948;12.3233;13.0715
Example Cup 2024;EXC2024-M04;4;TMG v TMH;TMG;TMG013;59;30.6787;16.1934;14.4853
Example Cup 2024;EXC2024-M04;4;TMG v TMH;TMG;TMG003;99;50.9264;24.6274;26.299
Example Cup 2024;EXC2024-M04;4;TMG v TMH;TMG;TMG022;87;45.5813;22.172;23.409300000000002
Example Cup 2024;EXC2024-M04;4;TMG v TMH;TMG;TMG008;99;51.4859;25.0919;26.394
Example Cup 2024;EXC2024-M04;4;TMG v TMH;TMG;TMG019;99;55.3459;30.4234;24.9225
Example Cup 2024;EXC2024-M04;4;TMG v TMH;TMG;TMG001;99;53.6306;25.1716;28.459
Example Cup 2024;EXC2024-M04;4;TMG v TMH;TMG;TMG020;61;33.6132;15.8963;17.7169
Example Cup 2024;EXC2024-M04;4;TMG v TMH;TMG;TMG018;62;32.5949;15.0321;17.5628
Example Cup 2024;EXC2024-M04;4;TMG v TMH;TMG;TMG012;50;26.9307;14.6175;12.3132
Example Cup 2024;EXC2024-M04;4;TMG v TMH;TMG;TMG009;40;20.2253;10.1268;10.0985
Example Cup 2024;EXC2024-M04;4;TMG v TMH;TMG;TMG021;38;19.9711;9.4612;10.5099
Example Cup 2024;EXC2024-M04;4;TMG v TMH;TMG;TMG015;37;19.3632;8.9351;10.4281
Example Cup 2024;EXC2024-M04;4;TMG v TMH;TMG;TMG002;12;6.684;3.2622;3.4218
Example Cup 2024;EXC2024-M04;4;TMG v TMH;TMH;TMH018;99;54.4134;25.6849;28.7285
Example Cup 2024;EXC2024-M04;4;TMG v TMH;TMH;TMH001;79;42.0436;23.1197;18.9239
Example Cup 2024;EXC2024-M04;4;TMG v TMH;TMH;TMH007;99;52.044;26.4708;25.5732
Example Cup 2024;EXC2024-M04;4;TMG v TMH;TMH;TMH005;46;24.0153;10.9222;13.0931
Example Cup 2024;EXC2024-M04;4;TMG v TMH;TMH;TMH006;75;41.0039;22.3452;18.6587
Example Cup 2024;EXC2024-M04;4;TMG v TMH;TMH;TMH015;99;53.2032;28.9711;24.2321
Example Cup 2024;EXC2024-M04;4;TMG v TMH;TMH;TMH023;99;51.7264;25.4333;26.2931
Example Cup 2024;EXC2024-M04;4;TMG v TMH;TMH;TMH009;49;26.2464;13.7021;12.5443
Example Cup 2024;EXC2024-M04;4;TMG v TMH;TMH;TMH022;99;51.942;25.2303;26.7117
Example Cup 2024;EXC2024-M04;4;TMG v TMH;TMH;TMH021;99;49.8122;26.2446;23.5676
Example Cup 2024;EXC2024-M04;4;TMG v TMH;TMH;TMH020;73;37.4384;18.2158;19.2226
Example Cup 2024;EXC2024-M04;4;TMG v TMH;TMH;TMH010;53;27.375;14.1995;13.1755
Example Cup 2024;EXC2024-M04;4;TMG v TMH;TMH;TMH004;50;25.3031;12.488;12.8151
Example Cup 2024;EXC2024-M04;4;TMG v TMH;TMH;TMH012;26;13.6264;7.1599;6.4665
Example Cup 2024;EXC2024-M04;4;TMG v TMH;TMH;TMH017;24;12.8576;6.2214;6.6362
Example Cup 2024;EXC2024-M04;4;TMG v TMH;TMH;TMH011;20;10.1394;5.1729;4.9665
Example Cup 2024;EXC2024-M05;5;TMI v TMJ;TMI;TMI001;98;52.4862;26.8567;25.6295
Example Cup 2024;EXC2024-M05;5;TMI v TMJ;TMI;TMI013;98;50.9199;24.7848;26.1351
Example Cup 2024;EXC2024-M05;5;TMI v TMJ;TMI;TMI004;98;53.1502;26.5122;26.638
Example Cup 2024;EXC2024-M05;5;TMI v TMJ;TMI;TMI018;53;29.4114;14.2186;15.1928
Example Cup 2024;EXC2024-M05;5;TMI v TMJ;TMI;TMI008;98;54.5832;29.0008;25.5824
Example Cup 2024;EXC2024-M05;5;TMI v TMJ;TMI;TMI020;92;51.5097;25.2397;26.27
Example Cup 2024;EXC2024-M05;5;TMI v TMJ;TMI;TMI007;98;51.9637;26.1049;25.8588
Example Cup 2024;EXC2024-M05;5;TMI v TMJ;TMI;TMI011;49;25.0082;11.6269;13.3813
Example Cup 2024;EXC2024-M05;5;TMI v TMJ;TMI;TMI017;90;49.6767;26.7119;22.9648
Example Cup 2024;EXC2024-M05;5;TMI v TMJ;TMI;TMI021;98;54.7193;25.0065;29.7128
Example Cup 2024;EXC2024-M05;5;TMI v TMJ;TMI;TMI016;64;32.4737;14.6968;17.7769
Example Cup 2024;EXC2024-M05;5;TMI v TMJ;TMI;TMI002;49;25.1525;13.3308;11.8217
Example Cup 2024;EXC2024-M05;5;TMI v TMJ;TMI;TMI015;45;23.5826;12.0758;11.5068
Example Cup 2024;EXC2024-M05;5;TMI v TMJ;TMI;TMI012;34;17.885;8.1919;9.6931
Example Cup 2024;EXC2024-M05;5;TMI v TMJ;TMI;TMI003;8;4.0297;1.9462;2.0835
Example Cup 2024;EXC2024-M05;5;TMI v TMJ;TMI;TMI023;6;3.1508;1.5696;1.5812
Example Cup 2024;EXC2024-M05;5;TMI v TMJ;TMJ;TMJ010;78;40.5276;19.3087;21.2189
Example Cup 2024;EXC2024-M05;5;TMI v TMJ;TMJ;TMJ004;98;49.1267;25.4195;23.7072
Example Cup 2024;EXC2024-M05;5;TMI v TMJ;TMJ;TMJ008;51;26.4185;14.0941;12.3244
Example Cup 2024;EXC2024-M05;5;TMI v TMJ;TMJ;TMJ012;98;51.7197;23.2791;28.4406
Example Cup 2024;EXC2024-M05;5;TMI v TMJ;TMJ;TMJ020;69;35.6282;18.8814;16.7468
Example Cup 2024;EXC2024-M05;5;TMI v TMJ;TMJ;TMJ015;98;54.4334;27.6546;26.7788
Example Cup 2024;EXC2024-M05;5;TMI v TMJ;TMJ;TMJ003;47;23.8762;11.5167;12.3595
Example Cup 2024;EXC2024-M05;5;TMI v TMJ;TMJ;TMJ022;98;50.7223;23.5615;27.1608
Example Cup 2024;EXC2024-M05;5;TMI v TMJ;TMJ;TMJ023;92;50.2386;24.9758;25.2628
Example Cup 2024;EXC2024-M05;5;TMI v TMJ;TMJ;TMJ019;98;53.1715;26.1255;27.046
Example Cup 2024;EXC2024-M05;5;TMI v TMJ;TMJ;TMJ021;98;54.3698;28.419;25.9508
Example Cup 2024;EXC2024-M05;5;TMI v TMJ;TMJ;TMJ009;51;28.1944;14.7897;13.4047
Example Cup 2024;EXC2024-M05;5;TMI v TMJ;TMJ;TMJ005;47;23.9953;11.107;12.8883
Example Cup 2024;EXC2024-M05;5;TMI v TMJ;TMJ;TMJ006;29;15.7142;8.488;7.2262
Example Cup 2024;EXC2024-M05;5;TMI v TMJ;TMJ;TMJ007;20;10.1494;4.8606;5.2888
Example Cup 2024;EXC2024-M05;5;TMI v TMJ;TMJ;TMJ002;6;3.3369;1.8186;1.5183
Example Cup 2024;EXC2024-M06;6;TMK v TML;TMK;TMK015;89;46.6444;22.0025;24.6419
Example Cup 2024;EXC2024-M06;6;TMK v TML;TMK;TMK002;98;52.0607;25.1343;26.9264
Example Cup 2024;EXC2024-M06;6;TMK v TML;TMK;TMK010;46;24.4041;11.0045;13.3996
Example Cup 2024;EXC2024-M06;6;TMK v TML;TMK;TMK003;98;51.7272;25.1606;26.5666
Example Cup 2024;EXC2024-M06;6;TMK v TML;TMK;TMK019;81;43.2539;20.7781;22.4758
Example Cup 2024;EXC2024-M06;6;TMK v TML;TMK;TMK012;98;51.9602;27.5419;24.4183
Example Cup 2024;EXC2024-M06;6;TMK v TML;TMK;TMK001;98;52.0953;25.5768;26.5185
Example Cup 2024;EXC2024-M06;6;TMK v TML;TMK;TMK004;50;25.0627;11.5524;13.5103
Example Cup 2024;EXC2024-M06;6;TMK v TML;TMK;TMK013;98;51.6288;24.9805;26.6483
Example Cup 2024;EXC2024-M06;6;TMK v TML;TMK;TMK006;55;27.9826;14.9018;13.0808
Example Cup 2024;EXC2024-M06;6;TMK v TML;TMK;TMK022;98;54.1015;29.0256;25.0759
Example Cup 2024;EXC2024-M06;6;TMK v TML;TMK;TMK016;52;26.943;12.3524;14.5906
Example Cup 2024;EXC2024-M06;6;TMK v TML;TMK;TMK021;48;26.2689;12.9961;13.2728
Example Cup 2024;EXC2024-M06;6;TMK v TML;TMK;TMK007;43;23.8629;11.5471;12.3158
Example Cup 2024;EXC2024-M06;6;TMK v TML;TMK;TMK018;17;8.5005;3.8442;4.6563
Example Cup 2024;EXC2024-M06;6;TMK v TML;TMK;TMK011;9;4.8475;2.3402;2.5073
Example Cup 2024;EXC2024-M06;6;TMK v TML;TML;TML018;98;52.1;25.0377;27.0623
Example Cup 2024;EXC2024-M06;6;TMK v TML;TML;TML007;76;41.3736;19.3893;21.9843
Example Cup 2024;EXC2024-M06;6;TMK v TML;TML;TML020;73;39.3968;18.0888;21.308
Example Cup 2024;EXC2024-M06;6;TMK v TML;TML;TML004;98;51.7865;23.9911;27.7954
Example Cup 2024;EXC2024-M06;6;TMK v TML;TML;TML015;66;36.0674;19.6362;16.4312
Example Cup 2024;EXC2024-M06;6;TMK v TML;TML;TML012;98;52.1683;27.0835;25.0848
Example Cup 2024;EXC2024-M06;6;TMK v TML;TML;TML006;98;54.7412;26.0809;28.6603
Example Cup 2024;EXC2024-M06;6;TMK v TML;TML;TML022;98;50.8944;23.4417;27.4527
Example Cup 2024;EXC2024-M06;6;TMK v TML;TML;TML011;61;32.2403;16.8512;15.3891
Example Cup 2024;EXC2024-M06;6;TMK v TML;TML;TML017;48;24.0485;11.5358;12.5127
Example Cup 2024;EXC2024-M06;6;TMK v TML;TML;TML008;98;52.3276;27.1259;25.2017
Example Cup 2024;EXC2024-M06;6;TMK v TML;TML;TML016;50;26.5058;14.0068;12.499
Example Cup 2024;EXC2024-M06;6;TMK v TML;TML;TML014;37;20.6963;10.1997;10.4966
Example Cup 2024;EXC2024-M06;6;TMK v TML;TML;TML009;32;16.9739;8.9604;8.0135
Example Cup 2024;EXC2024-M06;6;TMK v TML;TML;TML021;25;13.5142;7.0134;6.5008
Example Cup 2024;EXC2024-M06;6;TMK v TML;TML;TML023;22;11.5247;5.3026;6.2221
Example Cup 2024;EXC2024-M07;7;TMM v TMN;TMM;TMM002;102;56.407;26.1616;30.2454
Example Cup 2024;EXC2024-M07;7;TMM v TMN;TMM;TMM003;102;56.6069;25.6621;30.9448
Example Cup 2024;EXC2024-M07;7;TMM v TMN;TMM;TMM013;102;52.2685;26.7308;25.5377
Example Cup 2024;EXC2024-M07;7;TMM v TMN;TMM;TMM011;64;35.4207;17.8225;17.5982
Example Cup 2024;EXC2024-M07;7;TMM v TMN;TMM;TMM023;58;29.071;14.6384;14.4326
Example Cup 2024;EXC2024-M07;7;TMM v TMN;TMM;TMM019;102;53.8611;27.8533;26.0078
Example Cup 2024;EXC2024-M07;7;TMM v TMN;TMM;TMM016;102;52.1414;25.9715;26.1699
Example Cup 2024;EXC2024-M07;7;TMM v TMN;TMM;TMM014;92;50.6446;24.7962;25.8484
Example Cup 2024;EXC2024-M07;7;TMM v TMN;TMM;TMM018;102;51.1107;23.1275;27.9832
Example Cup 2024;EXC2024-M07;7;TMM v TMN;TMM;TMM007;61;32.847;17.1118;15.7352
Example Cup 2024;EXC2024-M07;7;TMM v TMN;TMM;TMM008;53;27.5623;13.0026;14.5597
Example Cup 2024;EXC2024-M07;7;TMM v TMN;TMM;TMM017;49;25.005;13.4668;11.5382
Example Cup 2024;EXC2024-M07;7;TMM v TMN;TMM;TMM009;44;23.2335;10.8841;12.3494
Example Cup 2024;EXC2024-M07;7;TMM v TMN;TMM;TMM004;41;22.3587;11.0923;11.2664
Example Cup 2024;EXC2024-M07;7;TMM v TMN;TMM;TMM001;38;19.1014;9.8481;9.2533
Example Cup 2024;EXC2024-M07;7;TMM v TMN;TMM;TMM012;10;5.1431;2.8182;2.3249
Example Cup 2024;EXC2024-M07;7;TMM v TMN;TMN;TMN018;69;35.1888;17.0769;18.1119
Example Cup 2024;EXC2024-M07;7;TMM v TMN;TMN;TMN009;102;51.197;27.0738;24.1232
Example Cup 2024;EXC2024-M07;7;TMM v TMN;TMN;TMN013;81;41.3485;20.1648;21.1837
Example Cup 2024;EXC2024-M07;7;TMM v TMN;TMN;TMN020;102;52.4489;24.3407;28.1082
Example Cup 2024;EXC2024-M07;7;TMM v TMN;TMN;TMN019;102;54.0304;24.4919;29.5385
Example Cup 2024;EXC2024-M07;7;TMM v TMN;TMN;TMN012;74;39.1567;20.1337;19.023
Example Cup 2024;EXC2024-M07;7;TMM v TMN;TMN;TMN010;47;24.1321;11.9943;12.1378
Example Cup 2024;EXC2024-M07;7;TMM v TMN;TMN;TMN023;102;54.5857;28.3291;26.2566
Example Cup 2024;EXC2024-M07;7;TMM v TMN;TMN;TMN021;102;51.3663;24.8471;26.5192
Example Cup 2024;EXC2024-M07;7;TMM v TMN;TMN;TMN003;66;34.0346;18.1497;15.8849
Example Cup 2024;EXC2024-M07;7;TMM v TMN;TMN;TMN016;102;54.4071;25.549;28.8581
Example Cup 2024;EXC2024-M07;7;TMM v TMN;TMN;TMN006;55;29.9748;16.239;13.7358
Example Cup 2024;EXC2024-M07;7;TMM v TMN;TMN;TMN004;36;19.7916;10.7152;9.0764
Example Cup 2024;EXC2024-M07;7;TMM v TMN;TMN;TMN011;33;16.8419;8.3678;8.4741
Example Cup 2024;EXC2024-M07;7;TMM v TMN;TMN;TMN008;28;15.5524;7.1374;8.415
Example Cup 2024;EXC2024-M07;7;TMM v TMN;TMN;TMN005;21;10.8192;5.1496;5.6696
Example Cup 2024;EXC2024-M08;8;TMO v TMP;TMO;TMO017;98;49.808;26.0131;23.7949
Example Cup 2024;EXC2024-M08;8;TMO v TMP;TMO;TMO010;45;24.4471;12.8959;11.5512
Example Cup 2024;EXC2024-M08;8;TMO v TMP;TMO;TMO003;60;32.7239;15.353;17.3709
Example Cup 2024;EXC2024-M08;8;TMO v TMP;TMO;TMO011;98;49.8206;27.2127;22.6079
Example Cup 2024;EXC2024-M08;8;TMO v TMP;TMO;TMO015;92;47.2664;24.5355;22.7309
Example Cup 2024;EXC2024-M08;8;TMO v TMP;TMO;TMO022;64;34.5539;17.5694;16.9845
Example Cup 2024;EXC2024-M08;8;TMO v TMP;TMO;TMO014;50;25.501;12.5704;12.9306
Example Cup 2024;EXC2024-M08;8;TMO v TMP;TMO;TMO012;98;49.3795;24.0896;25.2899
Example Cup 2024;EXC2024-M08;8;TMO v TMP;TMO;TMO023;98;53.9817;26.3046;27.6771
Example Cup 2024;EXC2024-M08;8;TMO v TMP;TMO;TMO002;98;53.8066;24.5822;29.2244
Example Cup 2024;EXC2024-M08;8;TMO v TMP;TMO;TMO016;98;49.5648;24.5836;24.9812
Example Cup 2024;EXC2024-M08;8;TMO v TMP;TMO;TMO013;53;27.3269;12.7392;14.5877
Example Cup 2024;EXC2024-M08;8;TMO v TMP;TMO;TMO021;48;25.5813;11.8081;13.7732
Example Cup 2024;EXC2024-M08;8;TMO v TMP;TMO;TMO004;38;19.1338;8.964;10.1698
Example Cup 2024;EXC2024-M08;8;TMO v TMP;TMO;TMO005;34;17.3884;8.4637;8.9247
Example Cup 2024;EXC2024-M08;8;TMO v TMP;TMO;TMO008;6;3.0699;1.6866;1.3833
Example Cup 2024;EXC2024-M08;8;TMO v TMP;TMP;TMP005;47;26.1317;11.8416;14.2901
Example Cup 2024;EXC2024-M08;8;TMO v TMP;TMP;TMP002;56;30.681;14.976;15.705
Example Cup 2024;EXC2024-M08;8;TMO v TMP;TMP;TMP022;98;53.965;25.9558;28.0092
Example Cup 2024;EXC2024-M08;8;TMO v TMP;TMP;TMP007;98;54.7852;29.5543;25.2309
Example Cup 2024;EXC2024-M08;8;TMO v TMP;TMP;TMP020;75;39.149;19.1894;19.9596
Example Cup 2024;EXC2024-M08;8;TMO v TMP;TMP;TMP011;98;54.2943;28.3021;25.9922
Example Cup 2024;EXC2024-M08;8;TMO v TMP;TMP;TMP010;98;50.1111;23.204;26.9071
Example Cup 2024;EXC2024-M08;8;TMO v TMP;TMP;TMP001;48;26.3943;13.284;13.1103
Example Cup 2024;EXC2024-M08;8;TMO v TMP;TMP;TMP009;98;52.8962;24.116;28.7802
Example Cup 2024;EXC2024-M08;8;TMO v TMP;TMP;TMP019;72;37.9529;19.5644;18.3885
Example Cup 2024;EXC2024-M08;8;TMO v TMP;TMP;TMP004;98;53.0442;28.7953;24.2489
Example Cup 2024;EXC2024-M08;8;TMO v TMP;TMP;TMP015;51;26.6999;14.3486;12.3513
Example Cup 2024;EXC2024-M08;8;TMO v TMP;TMP;TMP014;50;27.5736;14.2263;13.3473
Example Cup 2024;EXC2024-M08;8;TMO v TMP;TMP;TMP018;42;22.4577;12.0134;10.4443
Example Cup 2024;EXC2024-M08;8;TMO v TMP;TMP;TMP013;26;13.9038;6.8424;7.0614
Example Cup 2024;EXC2024-M08;8;TMO v TMP;TMP;TMP003;23;11.8959;5.8919;6.004
Example Cup 2024;EXC2024-M09;9;TMA v TMC;TMA;TMA015;96;52.742;27.2943;25.4477
Example Cup 2024;EXC2024-M09;9;TMA v TMC;TMA;TMA018;96;52.4438;28.3143;24.1295
Example Cup 2024;EXC2024-M09;9;TMA v TMC;TMA;TMA010;96;49.9914;26.4195;23.5719
Example Cup 2024;EXC2024-M09;9;TMA v TMC;TMA;TMA004;96;48.0694;24.5748;23.4946
Example Cup 2024;EXC2024-M09;9;TMA v TMC;TMA;TMA005;96;52.464;24.2525;28.2115
Example Cup 2024;EXC2024-M09;9;TMA v TMC;TMA;TMA023;48;25.7217;12.4676;13.2541
Example Cup 2024;EXC2024-M09;9;TMA v TMC;TMA;TMA006;67;35.7782;18.8513;16.9269
Example Cup 2024;EXC2024-M09;9;TMA v TMC;TMA;TMA002;62;31.9567;15.1648;16.7919
Example Cup 2024;EXC2024-M09;9;TMA v TMC;TMA;TMA017;54;28.3328;14.8642;13.4686
Example Cup 2024;EXC2024-M09;9;TMA v TMC;TMA;TMA021;69;36.966;18.1306;18.8354
Example Cup 2024;EXC2024-M09;9;TMA v TMC;TMA;TMA019;96;51.7349;27.7861;23.9488
Example Cup 2024;EXC2024-M09;9;TMA v TMC;TMA;TMA007;48;26.6883;13.2797;13.4086
Example Cup 2024;EXC2024-M09;9;TMA v TMC;TMA;TMA013;42;22.5492;11.0923;11.4569
Example Cup 2024;EXC2024-M09;9;TMA v TMC;TMA;TMA009;34;17.708;9.6239;8.0841
Example Cup 2024;EXC2024-M09;9;TMA v TMC;TMA;TMA022;29;14.8468;7.4491;7.3977
Example Cup 2024;EXC2024-M09;9;TMA v TMC;TMA;TMA012;27;14.9714;7.2516;7.7198
Example Cup 2024;EXC2024-M09;9;TMA v TMC;TMC;TMC018;96;48.0303;23.5881;24.4422
Example Cup 2024;EXC2024-M09;9;TMA v TMC;TMC;TMC020;68;37.8787;18.288;19.5907
Example Cup 2024;EXC2024-M09;9;TMA v TMC;TMC;TMC023;70;35.186;18.0645;17.1215
Example Cup 2024;EXC2024-M09;9;TMA v TMC;TMC;TMC013;54;30.2313;14.6544;15.5769
Example Cup 2024;EXC2024-M09;9;TMA v TMC;TMC;TMC022;96;52.8454;25.9954;26.85
Example Cup 2024;EXC2024-M09;9;TMA v TMC;TMC;TMC021;96;49.1766;22.2796;26.897
Example Cup 2024;EXC2024-M09;9;TMA v TMC;TMC;TMC004;77;41.9146;21.8555;20.0591
Example Cup 2024;EXC2024-M09;9;TMA v TMC;TMC;TMC010;96;48.6565;23.1165;25.54
Example Cup 2024;EXC2024-M09;9;TMA v TMC;TMC;TMC017;96;51.8152;23.6325;28.1827
Example Cup 2024;EXC2024-M09;9;TMA v TMC;TMC;TMC016;96;53.1931;28.284;24.9091
Example Cup 2024;EXC2024-M09;9;TMA v TMC;TMC;TMC014;61;33.9212;15.7754;18.1458
Example Cup 2024;EXC2024-M09;9;TMA v TMC;TMC;TMC002;42;23.193;11.9676;11.2254
Example Cup 2024;EXC2024-M09;9;TMA v TMC;TMC;TMC007;35;18.001;9.1435;8.8575
Example Cup 2024;EXC2024-M09;9;TMA v TMC;TMC;TMC015;28;14.5269;7.3753;7.1516
Example Cup 2024;EXC2024-M09;9;TMA v TMC;TMC;TMC009;26;13.6936;6.9334;6.7602
Example Cup 2024;EXC2024-M09;9;TMA v TMC;TMC;TMC011;19;9.7568;4.6086;5.1482
Example Cup 2024;EXC2024-M10;10;TMB v TMD;TMB;TMB018;47;24.4177;12.2559;12.1618
Example Cup 2024;EXC2024-M10;10;TMB v TMD;TMB;TMB015;83;44.364;23.5111;20.8529
Example Cup 2024;EXC2024-M10;10;TMB v TMD;TMB;TMB017;101;51.5306;24.4017;27.1289
Example Cup 2024;EXC2024-M10;10;TMB v TMD;TMB;TMB006;67;34.2436;17.0138;17.2298
Example Cup 2024;EXC2024-M10;10;TMB v TMD;TMB;TMB008;101;51.4041;23.5559;27.8482
Example Cup 2024;EXC2024-M10;10;TMB v TMD;TMB;TMB021;101;54.4633;25.6135;28.8498
Example Cup 2024;EXC2024-M10;10;TMB v TMD;TMB;TMB020;101;53.9956;25.7027;28.2929
Example Cup 2024;EXC2024-M10;10;TMB v TMD;TMB;TMB014;101;53.0142;23.928;29.0862
Example Cup 2024;EXC2024-M10;10;TMB v TMD;TMB;TMB004;101;54.3486;26.0442;28.3044
Example Cup 2024;EXC2024-M10;10;TMB v TMD;TMB;TMB003;86;44.8081;22.2085;22.5996
Example Cup 2024;EXC2024-M10;10;TMB v TMD;TMB;TMB005;48;25.4808;12.5931;12.8877
Example Cup 2024;EXC2024-M10;10;TMB v TMD;TMB;TMB022;54;28.1364;13.9638;14.1726
Example Cup 2024;EXC2024-M10;10;TMB v TMD;TMB;TMB002;53;28.4781;15.0621;13.416
Example Cup 2024;EXC2024-M10;10;TMB v TMD;TMB;TMB013;34;17.1552;8.5034;8.6518
Example Cup 2024;EXC2024-M10;10;TMB v TMD;TMB;TMB009;18;9.9669;4.9535;5.0134
Example Cup 2024;EXC2024-M10;10;TMB v TMD;TMB;TMB023;15;7.879;4.3303;3.5487
Example Cup 2024;EXC2024-M10;10;TMB v TMD;TMD;TMD008;101;51.3159;23.9292;27.3867
Example Cup 2024;EXC2024-M10;10;TMB v TMD;TMD;TMD003;101;51.3873;27.5318;23.8555
Example Cup 2024;EXC2024-M10;10;TMB v TMD;TMD;TMD006;89;45.6925;23.1245;22.568
Example Cup 2024;EXC2024-M10;10;TMB v TMD;TMD;TMD007;101;56.2683;29.8064;26.4619
Example Cup 2024;EXC2024-M10;10;TMB v TMD;TMD;TMD017;55;28.4813;13.774;14.7073
Example Cup 2024;EXC2024-M10;10;TMB v TMD;TMD;TMD002;101;56.3643;27.7062;28.6581
Example Cup 2024;EXC2024-M10;10;TMB v TMD;TMD;TMD020;101;55.2908;30.3688;24.922
Example Cup 2024;EXC2024-M10;10;TMB v TMD;TMD;TMD005;92;48.3531;23.6937;24.6594
Example Cup 2024;EXC2024-M10;10;TMB v TMD;TMD;TMD023;75;37.6513;17.4402;20.2111
Example Cup 2024;EXC2024-M10;10;TMB v TMD;TMD;TMD015;101;54.9536;27.9012;27.0524
Example Cup 2024;EXC2024-M10;10;TMB v TMD;TMD;TMD012;94;51.5381;24.0096;27.5285
Example Cup 2024;EXC2024-M10;10;TMB v TMD;TMD;TMD004;46;23.3116;11.3556;11.956
Example Cup 2024;EXC2024-M10;10;TMB v TMD;TMD;TMD016;26;14.2614;6.5166;7.7448
Example Cup 2024;EXC2024-M10;10;TMB v TMD;TMD;TMD022;12;6.0514;2.9259;3.1255
Example Cup 2024;EXC2024-M10;10;TMB v TMD;TMD;TMD019;9;4.7976;2.2485;2.5491
Example Cup 2024;EXC2024-M10;10;TMB v TMD;TMD;TMD011;7;3.5137;1.7332;1.7805
Example Cup 2024;EXC2024-M11;11;TME v TMG;TME;TME003;94;50.9201;25.1655;25.7546
Example Cup 2024;EXC2024-M11;11;TME v TMG;TME;TME004;101;52.8345;26.9941;25.8404
Example Cup 2024;EXC2024-M11;11;TME v TMG;TME;TME012;101;56.0078;25.3418;30.666
Example Cup 2024;EXC2024-M11;11;TME v TMG;TME;TME017;101;50.7384;23.5879;27.1505
Example Cup 2024;EXC2024-M11;11;TME v TMG;TME;TME016;101;56.0532;30.0074;26.0458
Example Cup 2024;EXC2024-M11;11;TME v TMG;TME;TME021;73;39.2357;20.6289;18.6068
Example Cup 2024;EXC2024-M11;11;TME v TMG;TME;TME010;101;55.2875;27.8462;27.4413
Example Cup 2024;EXC2024-M11;11;TME v TMG;TME;TME019;53;27.3238;13.216;14.1078
Example Cup 2024;EXC2024-M11;11;TME v TMG;TME;TME013;101;51.9317;24.7792;27.1525
Example Cup 2024;EXC2024-M11;11;TME v TMG;TME;TME023;72;38.1466;17.842;20.3046
Example Cup 2024;EXC2024-M11;11;TME v TMG;TME;TME002;74;39.1736;18.9677;20.2059
Example Cup 2024;EXC2024-M11;11;TME v TMG;TME;TME011;48;24.329;11.01;13.319
Example Cup 2024;EXC2024-M11;11;TME v TMG;TME;TME014;29;16.1614;8.2737;7.8877
Example Cup 2024;EXC2024-M11;11;TME v TMG;TME;TME015;28;15.364;7.3158;8.0482
Example Cup 2024;EXC2024-M11;11;TME v TMG;TME;TME006;27;14.5376;7.1175;7.4201
Example Cup 2024;EXC2024-M11;11;TME v TMG;TME;TME007;7;3.5146;1.612;1.9026
Example Cup 2024;EXC2024-M11;11;TME v TMG;TMG;TMG018;101;55.8999;29.5651;26.3348
Example Cup 2024;EXC2024-M11;11;TME v TMG;TMG;TMG016;101;55.8535;29.0121;26.8414
Example Cup 2024;EXC2024-M11;11;TME v TMG;TMG;TMG017;62;33.6139;16.3547;17.2592
Example Cup 2024;EXC2024-M11;11;TME v TMG;TMG;TMG009;101;53.4671;26.3902;27.0769
Example Cup 2024;EXC2024-M11;11;TME v TMG;TMG;TMG023;90;48.9519;25.6987;23.2532
Example Cup 2024;EXC2024-M11;11;TME v TMG;TMG;TMG022;101;55.0604;25.4699;29.5905
Example Cup 2024;EXC2024-M11;11;TME v TMG;TMG;TMG005;70;36.0907;19.2175;16.8732
Example Cup 2024;EXC2024-M11;11;TME v TMG;TMG;TMG019;101;55.461;30.3765;25.0845
Example Cup 2024;EXC2024-M11;11;TME v TMG;TMG;TMG011;101;54.761;24.6578;30.1032
Example Cup 2024;EXC2024-M11;11;TME v TMG;TMG;TMG008;83;45.5548;20.7199;24.8349
Example Cup 2024;EXC2024-M11;11;TME v TMG;TMG;TMG010;57;31.4824;16.0302;15.4522
Example Cup 2024;EXC2024-M11;11;TME v TMG;TMG;TMG014;44;24.3094;12.5129;11.7965
Example Cup 2024;EXC2024-M11;11;TME v TMG;TMG;TMG006;39;21.3107;9.8873;11.423400000000001
Example Cup 2024;EXC2024-M11;11;TME v TMG;TMG;TMG013;31;15.6656;8.2514;7.4142
Example Cup 2024;EXC2024-M11;11;TME v TMG;TMG;TMG001;18;9.5465;4.4912;5.0553
Example Cup 2024;EXC2024-M11;11;TME v TMG;TMG;TMG012;11;5.8339;3.0265;2.8074
Example Cup 2024;EXC2024-M12;12;TMF v TMH;TMF;TMF023;70;36.393;18.9436;17.4494
Example Cup 2024;EXC2024-M12;12;TMF v TMH;TMF;TMF003;62;31.0836;14.9865;16.0971
Example Cup 2024;EXC2024-M12;12;TMF v TMH;TMF;TMF013;96;49.7522;23.2116;26.5406
Example Cup 2024;EXC2024-M12;12;TMF v TMH;TMF;TMF020;69;36.7213;20.0345;16.6868
Example Cup 2024;EXC2024-M12;12;TMF v TMH;TMF;TMF011;96;49.9355;23.0941;26.8414
Example Cup 2024;EXC2024-M12;12;TMF v TMH;TMF;TMF005;50;25.7918;13.4731;12.3187
Example Cup 2024;EXC2024-M12;12;TMF v TMH;TMF;TMF007;96;53.2368;26.1583;27.0785
Example Cup 2024;EXC2024-M12;12;TMF v TMH;TMF;TMF021;96;53.2018;26.5597;26.6421
Example Cup 2024;EXC2024-M12;12;TMF v TMH;TMF;TMF012;96;48.7219;22.4501;26.2718
Example Cup 2024;EXC2024-M12;12;TMF v TMH;TMF;TMF018;80;40.0944;19.3617;20.7327
Example Cup 2024;EXC2024-M12;12;TMF v TMH;TMF;TMF001;96;51.6593;25.9172;25.7421
Example Cup 2024;EXC2024-M12;12;TMF v TMH;TMF;TMF008;46;24.5261;12.3845;12.1416
Example Cup 2024;EXC2024-M12;12;TMF v TMH;TMF;TMF009;34;17.7034;8.2057;9.4977
Example Cup 2024;EXC2024-M12;12;TMF v TMH;TMF;TMF015;27;14.4313;7.7985;6.6328
Example Cup 2024;EXC2024-M12;12;TMF v TMH;TMF;TMF019;26;14.1432;7.0146;7.1286
Example Cup 2024;EXC2024-M12;12;TMF v TMH;TMF;TMF006;16;8.8078;4.4376;4.3702
Example Cup 2024;EXC2024-M12;12;TMF v TMH;TMH;TMH015;96;50.2094;22.8258;27.3836
Example Cup 2024;EXC2024-M12;12;TMF v TMH;TMH;TMH019;96;48.7475;22.5767;26.1708
Example Cup 2024;EXC2024-M12;12;TMF v TMH;TMH;TMH016;56;31.2123;15.6654;15.5469
Example Cup 2024;EXC2024-M12;12;TMF v TMH;TMH;TMH009;96;52.1045;26.369;25.7355
Example Cup 2024;EXC2024-M12;12;TMF v TMH;TMH;TMH014;71;37.171;20.326;16.845
Example Cup 2024;EXC2024-M12;12;TMF v TMH;TMH;TMH022;83;43.421;20.2706;23.1504
Example Cup 2024;EXC2024-M12;12;TMF v TMH;TMH;TMH021;53;28.2204;15.1299;13.0905
Example Cup 2024;EXC2024-M12;12;TMF v TMH;TMH;TMH006;96;51.1758;24.2902;26.8856
Example Cup 2024;EXC2024-M12;12;TMF v TMH;TMH;TMH005;59;31.3932;16.5782;14.815
Example Cup 2024;EXC2024-M12;12;TMF v TMH;TMH;TMH020;96;48.4085;24.4864;23.9221
Example Cup 2024;EXC2024-M12;12;TMF v TMH;TMH;TMH011;96;48.0029;22.317;25.6859
Example Cup 2024;EXC2024-M12;12;TMF v TMH;TMH;TMH023;43;24.0135;11.4302;12.5833
Example Cup 2024;EXC2024-M12;12;TMF v TMH;TMH;TMH018;40;21.2286;10.2379;10.9907
Example Cup 2024;EXC2024-M12;12;TMF v TMH;TMH;TMH002;37;20.634;9.551;11.083
Example Cup 2024;EXC2024-M12;12;TMF v TMH;TMH;TMH008;25;12.7405;6.4291;6.3114
Example Cup 2024;EXC2024-M12;12;TMF v TMH;TMH;TMH013;13;6.8283;3.2507;3.5776
Example Cup 2024;EXC2024-M13;13;TMI v TMK;TMI;TMI011;100;53.5825;25.4305;28.152
Example Cup 2024;EXC2024-M13;13;TMI v TMK;TMI;TMI003;90;50.0387;26.4325;23.6062
Example Cup 2024;EXC2024-M13;13;TMI v TMK;TMI;TMI016;56;28.1207;13.98;14.1407
Example Cup 2024;EXC2024-M13;13;TMI v TMK;TMI;TMI012;100;50.0048;26.7088;23.296
Example Cup 2024;EXC2024-M13;13;TMI v TMK;TMI;TMI002;100;51.0137;23.3364;27.6773
Example Cup 2024;EXC2024-M13;13;TMI v TMK;TMI;TMI001;86;46.5123;23.1308;23.3815
Example Cup 2024;EXC2024-M13;13;TMI v TMK;TMI;TMI022;100;50.0112;25.4826;24.5286
Example Cup 2024;EXC2024-M13;13;TMI v TMK;TMI;TMI009;100;50.073;25.1433;24.9297
Example Cup 2024;EXC2024-M13;13;TMI v TMK;TMI;TMI017;100;51.7524;27.7015;24.0509
Example Cup 2024;EXC2024-M13;13;TMI v TMK;TMI;TMI021;60;30.5385;13.8425;16.696
Example Cup 2024;EXC2024-M13;13;TMI v TMK;TMI;TMI007;83;45.3762;21.2387;24.1375
Example Cup 2024;EXC2024-M13;13;TMI v TMK;TMI;TMI014;44;22.6007;11.3798;11.2209
Example Cup 2024;EXC2024-M13;13;TMI v TMK;TMI;TMI013;40;20.2157;10.5986;9.6171
Example Cup 2024;EXC2024-M13;13;TMI v TMK;TMI;TMI018;17;8.6108;3.8891;4.7217
Example Cup 2024;EXC2024-M13;13;TMI v TMK;TMI;TMI005;14;7.2429;3.9244;3.3185
Example Cup 2024;EXC2024-M13;13;TMI v TMK;TMI;TMI004;10;5.1116;2.7112;2.4004
Example Cup 2024;EXC2024-M13;13;TMI v TMK;TMK;TMK010;100;54.1264;25.0345;29.0919
Example Cup 2024;EXC2024-M13;13;TMI v TMK;TMK;TMK005;67;34.666;16.6415;18.0245
Example Cup 2024;EXC2024-M13;13;TMI v TMK;TMK;TMK016;100;53.7577;25.5281;28.2296
Example Cup 2024;EXC2024-M13;13;TMI v TMK;TMK;TMK015;95;51.4245;25.3752;26.0493
Example Cup 2024;EXC2024-M13;13;TMI v TMK;TMK;TMK022;100;54.4764;28.3724;26.104
Example Cup 2024;EXC2024-M13;13;TMI v TMK;TMK;TMK003;75;41.3016;18.8214;22.4802
Example Cup 2024;EXC2024-M13;13;TMI v TMK;TMK;TMK001;74;39.1517;20.4388;18.7129
Example Cup 2024;EXC2024-M13;13;TMI v TMK;TMK;TMK021;70;36.3405;17.3735;18.967
Example Cup 2024;EXC2024-M13;13;TMI v TMK;TMK;TMK008;100;54.545;25.8117;28.7333
Example Cup 2024;EXC2024-M13;13;TMI v TMK;TMK;TMK013;100;54.2845;25.7099;28.5746
Example Cup 2024;EXC2024-M13;13;TMI v TMK;TMK;TMK018;100;53.2957;26.4918;26.8039
Example Cup 2024;EXC2024-M13;13;TMI v TMK;TMK;TMK023;33;17.2889;9.1181;8.1708
Example Cup 2024;EXC2024-M13;13;TMI v TMK;TMK;TMK002;30;15.4241;7.1822;8.2419
Example Cup 2024;EXC2024-M13;13;TMI v TMK;TMK;TMK011;26;13.4373;7.0749;6.3624
Example Cup 2024;EXC2024-M13;13;TMI v TMK;TMK;TMK007;25;13.8355;7.2644;6.5711
Example Cup 2024;EXC2024-M13;13;TMI v TMK;TMK;TMK009;5;2.6822;1.2489;1.4333
Example Cup 2024;EXC2024-M14;14;TMJ v TML;TMJ;TMJ019;98;50.8151;25.9882;24.8269
Example Cup 2024;EXC2024-M14;14;TMJ v TML;TMJ;TMJ021;66;34.4244;16.2345;18.1899
Example Cup 2024;EXC2024-M14;14;TMJ v TML;TMJ;TMJ009;47;24.3768;11.4045;12.9723
Example Cup 2024;EXC2024-M14;14;TMJ v TML;TMJ;TMJ018;98;54.6745;29.1096;25.5649
Example Cup 2024;EXC2024-M14;14;TMJ v TML;TMJ;TMJ020;98;50.4893;26.7031;23.7862
Example Cup 2024;EXC2024-M14;14;TMJ v TML;TMJ;TMJ022;98;50.8916;24.9361;25.9555
Example Cup 2024;EXC2024-M14;14;TMJ v TML;TMJ;TMJ013;78;40.3048;20.2066;20.0982
Example Cup 2024;EXC2024-M14;14;TMJ v TML;TMJ;TMJ006;49;26.7959;14.4272;12.3687
Example Cup 2024;EXC2024-M14;14;TMJ v TML;TMJ;TMJ017;98;51.2121;26.4234;24.7887
Example Cup 2024;EXC2024-M14;14;TMJ v TML;TMJ;TMJ023;79;41.9353;22.3126;19.6227
Example Cup 2024;EXC2024-M14;14;TMJ v TML;TMJ;TMJ008;98;51.0097;25.6331;25.3766
Example Cup 2024;EXC2024-M14;14;TMJ v TML;TMJ;TMJ001;51;27.9594;14.9783;12.9811
Example Cup 2024;EXC2024-M14;14;TMJ v TML;TMJ;TMJ004;49;26.7144;12.6094;14.105
Example Cup 2024;EXC2024-M14;14;TMJ v TML;TMJ;TMJ007;32;17.4286;8.4663;8.9623
Example Cup 2024;EXC2024-M14;14;TMJ v TML;TMJ;TMJ014;20;10.6828;5.1128;5.57
Example Cup 2024;EXC2024-M14;14;TMJ v TML;TMJ;TMJ002;19;10.5038;5.696;4.8078
Example Cup 2024;EXC2024-M14;14;TMJ v TML;TML;TML011;83;44.1104;24.1454;19.965
Example Cup 2024;EXC2024-M14;14;TMJ v TML;TML;TML023;98;52.1084;24.4865;27.6219
Example Cup 2024;EXC2024-M14;14;TMJ v TML;TML;TML003;98;50.5851;23.1991;27.386
Example Cup 2024;EXC2024-M14;14;TMJ v TML;TML;TML001;98;50;24.9194;25.0806
Example Cup 2024;EXC2024-M14;14;TMJ v TML;TML;TML018;73;39.4254;17.8993;21.5261
Example Cup 2024;EXC2024-M14;14;TMJ v TML;TML;TML021;88;44.2354;20.4908;23.7446
Example Cup 2024;EXC2024-M14;14;TMJ v TML;TML;TML010;98;50.6216;26.6091;24.0125
Example Cup 2024;EXC2024-M14;14;TMJ v TML;TML;TML008;98;52.687;24.8014;27.8856
Example Cup 2024;EXC2024-M14;14;TMJ v TML;TML;TML019;69;37.6964;18.2128;19.4836
Example Cup 2024;EXC2024-M14;14;TMJ v TML;TML;TML020;55;28.9132;15.1835;13.7297
Example Cup 2024;EXC2024-M14;14;TMJ v TML;TML;TML015;98;50.76;24.4061;26.3539
Example Cup 2024;EXC2024-M14;14;TMJ v TML;TML;TML013;43;23.5133;10.8687;12.6446
Example Cup 2024;EXC2024-M14;14;TMJ v TML;TML;TML016;29;16.0204;8.1107;7.9097
Example Cup 2024;EXC2024-M14;14;TMJ v TML;TML;TML004;25;13.4581;6.955;6.5031
Example Cup 2024;EXC2024-M14;14;TMJ v TML;TML;TML014;15;7.7737;4.2683;3.5054
Example Cup 2024;EXC2024-M14;14;TMJ v TML;TML;TML007;10;5.2857;2.433;2.8527
Example Cup 2024;EXC2024-M15;15;TMM v TMO;TMM;TMM003;96;49.2418;24.9337;24.3081
Example Cup 2024;EXC2024-M15;15;TMM v TMO;TMM;TMM019;74;41.054;21.0686;19.9854
Example Cup 2024;EXC2024-M15;15;TMM v TMO;TMM;TMM016;96;53.6968;29.3454;24.3514
Example Cup 2024;EXC2024-M15;15;TMM v TMO;TMM;TMM009;96;52.6341;24.8611;27.773
Example Cup 2024;EXC2024-M15;15;TMM v TMO;TMM;TMM018;83;46.2777;24.5998;21.6779
Example Cup 2024;EXC2024-M15;15;TMM v TMO;TMM;TMM020;96;48.1513;23.9192;24.2321
Example Cup 2024;EXC2024-M15;15;TMM v TMO;TMM;TMM014;64;34.4006;16.5169;17.8837
Example Cup 2024;EXC2024-M15;15;TMM v TMO;TMM;TMM021;96;49.7362;25.4264;24.3098
Example Cup 2024;EXC2024-M15;15;TMM v TMO;TMM;TMM006;96;50.8828;23.9396;26.9432
Example Cup 2024;EXC2024-M15;15;TMM v TMO;TMM;TMM012;77;39.1814;21.4955;17.6859
Example Cup 2024;EXC2024-M15;15;TMM v TMO;TMM;TMM017;71;38.8447;18.6978;20.1469
Example Cup 2024;EXC2024-M15;15;TMM v TMO;TMM;TMM010;32;17.5084;8.1737;9.3347
Example Cup 2024;EXC2024-M15;15;TMM v TMO;TMM;TMM011;25;12.8366;6.5981;6.2385
Example Cup 2024;EXC2024-M15;15;TMM v TMO;TMM;TMM015;22;11.6189;6.2069;5.412
Example Cup 2024;EXC2024-M15;15;TMM v TMO;TMM;TMM008;19;10.1804;5.4266;4.7538
Example Cup 2024;EXC2024-M15;15;TMM v TMO;TMM;TMM002;13;7.1687;3.9269;3.2418
Example Cup 2024;EXC2024-M15;15;TMM v TMO;TMO;TMO021;64;33.0122;16.9224;16.0898
Example Cup 2024;EXC2024-M15;15;TMM v TMO;TMO;TMO010;61;32.1091;16.4744;15.6347
Example Cup 2024;EXC2024-M15;15;TMM v TMO;TMO;TMO017;96;50.0332;24.619;25.4142
Example Cup 2024;EXC2024-M15;15;TMM v TMO;TMO;TMO003;70;36.813;17.9223;18.8907
Example Cup 2024;EXC2024-M15;15;TMM v TMO;TMO;TMO008;48;26.847;12.3993;14.4477
Example Cup 2024;EXC2024-M15;15;TMM v TMO;TMO;TMO004;96;51.3632;25.2663;26.0969
Example Cup 2024;EXC2024-M15;15;TMM v TMO;TMO;TMO018;96;48.2206;23.0962;25.1244
Example Cup 2024;EXC2024-M15;15;TMM v TMO;TMO;TMO006;96;52.7949;28.8761;23.9188
Example Cup 2024;EXC2024-M15;15;TMM v TMO;TMO;TMO020;96;53.4082;24.2778;29.1304
Example Cup 2024;EXC2024-M15;15;TMM v TMO;TMO;TMO016;48;25.4141;13.7134;11.7007
Example Cup 2024;EXC2024-M15;15;TMM v TMO;TMO;TMO009;96;49.1674;22.3039;26.8635
Example Cup 2024;EXC2024-M15;15;TMM v TMO;TMO;TMO005;48;25.8935;14.0466;11.8469
Example Cup 2024;EXC2024-M15;15;TMM v TMO;TMO;TMO002;48;26.2576;12.6353;13.6223
Example Cup 2024;EXC2024-M15;15;TMM v TMO;TMO;TMO011;35;19.0911;9.0618;10.0293
Example Cup 2024;EXC2024-M15;15;TMM v TMO;TMO;TMO023;32;16.5817;8.6306;7.9511
Example Cup 2024;EXC2024-M15;15;TMM v TMO;TMO;TMO019;26;13.1738;7.1308;6.043
Example Cup 2024;EXC2024-M16;16;TMN v TMP;TMN;TMN023;86;47.4874;24.2751;23.2123
Example Cup 2024;EXC2024-M16;16;TMN v TMP;TMN;TMN002;61;32.7626;15.0641;17.6985
Example Cup 2024;EXC2024-M16;16;TMN v TMP;TMN;TMN022;95;47.9053;26.0646;21.8407
Example Cup 2024;EXC2024-M16;16;TMN v TMP;TMN;TMN008;95;49.0556;22.7632;26.2924
Example Cup 2024;EXC2024-M16;16;TMN v TMP;TMN;TMN014;95;52.3791;27.2796;25.0995
Example Cup 2024;EXC2024-M16;16;TMN v TMP;TMN;TMN012;74;41.0576;20.2692;20.7884
Example Cup 2024;EXC2024-M16;16;TMN v TMP;TMN;TMN005;61;32.3466;15.2723;17.0743
Example Cup 2024;EXC2024-M16;16;TMN v TMP;TMN;TMN019;95;48.3527;23.2129;25.1398
Example Cup 2024;EXC2024-M16;16;TMN v TMP;TMN;TMN004;95;47.6817;23.2836;24.3981
Example Cup 2024;EXC2024-M16;16;TMN v TMP;TMN;TMN010;95;50.1772;27.0327;23.1445
Example Cup 2024;EXC2024-M16;16;TMN v TMP;TMN;TMN013;56;30.8639;14.7045;16.1594
Example Cup 2024;EXC2024-M16;16;TMN v TMP;TMN;TMN020;39;21.2876;10.2067;11.0809
Example Cup 2024;EXC2024-M16;16;TMN v TMP;TMN;TMN016;34;18.3201;8.9566;9.3635
Example Cup 2024;EXC2024-M16;16;TMN v TMP;TMN;TMN015;34;17.2151;8.6366;8.5785
Example Cup 2024;EXC2024-M16;16;TMN v TMP;TMN;TMN021;21;10.8034;4.9926;5.8108
Example Cup 2024;EXC2024-M16;16;TMN v TMP;TMN;TMN001;9;4.7158;2.3043;2.4115
Example Cup 2024;EXC2024-M16;16;TMN v TMP;TMP;TMP019;95;50.4591;22.7928;27.6663
Example Cup 2024;EXC2024-M16;16;TMN v TMP;TMP;TMP017;49;25.871;13.471;12.4
Example Cup 2024;EXC2024-M16;16;TMN v TMP;TMP;TMP020;95;50.6198;25.7193;24.9005
Example Cup 2024;EXC2024-M16;16;TMN v TMP;TMP;TMP006;95;48.9089;22.0569;26.852
Example Cup 2024;EXC2024-M16;16;TMN v TMP;TMP;TMP012;46;23.7545;11.3462;12.4083
Example Cup 2024;EXC2024-M16;16;TMN v TMP;TMP;TMP004;82;44.464;23.4752;20.9888
Example Cup 2024;EXC2024-M16;16;TMN v TMP;TMP;TMP015;95;52.0041;26.013;25.9911
Example Cup 2024;EXC2024-M16;16;TMN v TMP;TMP;TMP011;95;47.674;23.974;23.7
Example Cup 2024;EXC2024-M16;16;TMN v TMP;TMP;TMP009;71;37.417;18.5283;18.8887
Example Cup 2024;EXC2024-M16;16;TMN v TMP;TMP;TMP001;95;51.0315;23.6573;27.3742
Example Cup 2024;EXC2024-M16;16;TMN v TMP;TMP;TMP008;71;37.6332;20.432;17.2012
Example Cup 2024;EXC2024-M16;16;TMN v TMP;TMP;TMP022;49;26.7199;13.3989;13.321
Example Cup 2024;EXC2024-M16;16;TMN v TMP;TMP;TMP005;46;23.9675;12.6001;11.3674
Example Cup 2024;EXC2024-M16;16;TMN v TMP;TMP;TMP021;24;12.1564;6.3029;5.8535
Example Cup 2024;EXC2024-M16;16;TMN v TMP;TMP;TMP023;24;13.1988;6.0782;7.1206
Example Cup 2024;EXC2024-M16;16;TMN v TMP;TMP;TMP013;13;6.5853;3.0901;3.4952
Example Cup 2024;EXC2024-M17;17;TMA v TMD;TMA;TMA008;54;29.3485;13.4544;15.8941
Example Cup 2024;EXC2024-M17;17;TMA v TMD;TMA;TMA004;46;24.6057;13.4456;11.1601
Example Cup 2024;EXC2024-M17;17;TMA v TMD;TMA;TMA014;51;27.4964;13.4896;14.0068
Example Cup 2024;EXC2024-M17;17;TMA v TMD;TMA;TMA007;98;52.5796;24.546;28.0336
Example Cup 2024;EXC2024-M17;17;TMA v TMD;TMA;TMA019;81;44.9852;24.5155;20.4697
Example Cup 2024;EXC2024-M17;17;TMA v TMD;TMA;TMA018;98;52.4544;27.2262;25.2282
Example Cup 2024;EXC2024-M17;17;TMA v TMD;TMA;TMA001;98;51.7974;23.5663;28.2311
Example Cup 2024;EXC2024-M17;17;TMA v TMD;TMA;TMA016;98;50.1077;22.774;27.3337
Example Cup 2024;EXC2024-M17;17;TMA v TMD;TMA;TMA013;98;54.3401;27.3572;26.9829
Example Cup 2024;EXC2024-M17;17;TMA v TMD;TMA;TMA020;98;54.3814;29.1594;25.222
Example Cup 2024;EXC2024-M17;17;TMA v TMD;TMA;TMA005;58;31.4473;14.2512;17.1961
Example Cup 2024;EXC2024-M17;17;TMA v TMD;TMA;TMA023;52;28.4902;14.6698;13.8204
Example Cup 2024;EXC2024-M17;17;TMA v TMD;TMA;TMA006;47;24.759;11.8106;12.9484
Example Cup 2024;EXC2024-M17;17;TMA v TMD;TMA;TMA021;44;22.8965;11.8212;11.0753
Example Cup 2024;EXC2024-M17;17;TMA v TMD;TMA;TMA022;40;21.3526;11.6318;9.7208
Example Cup 2024;EXC2024-M17;17;TMA v TMD;TMA;TMA015;17;9.2906;4.5753;4.7153
Example Cup 2024;EXC2024-M17;17;TMA v TMD;TMD;TMD014;48;26.2455;12.3339;13.9116
Example Cup 2024;EXC2024-M17;17;TMA v TMD;TMD;TMD015;98;50.3631;25.4377;24.9254
Example Cup 2024;EXC2024-M17;17;TMA v TMD;TMD;TMD007;62;34.6415;18.1479;16.4936
Example Cup 2024;EXC2024-M17;17;TMA v TMD;TMD;TMD012;52;27.6714;13.849;13.8224
Example Cup 2024;EXC2024-M17;17;TMA v TMD;TMD;TMD009;57;28.8675;14.3842;14.4833
Example Cup 2024;EXC2024-M17;17;TMA v TMD;TMD;TMD017;98;53.6379;24.3117;29.3262
Example Cup 2024;EXC2024-M17;17;TMA v TMD;TMD;TMD003;98;53.2246;28.1273;25.0973
Example Cup 2024;EXC2024-M17;17;TMA v TMD;TMD;TMD004;98;50.3542;23.2933;27.0609
Example Cup 2024;EXC2024-M17;17;TMA v TMD;TMD;TMD021;98;54.8235;25.289;29.5345
Example Cup 2024;EXC2024-M17;17;TMA v TMD;TMD;TMD011;46;24.2471;13.0549;11.1922
Example Cup 2024;EXC2024-M17;17;TMA v TMD;TMD;TMD019;98;51.3886;25.3063;26.0823
Example Cup 2024;EXC2024-M17;17;TMA v TMD;TMD;TMD023;52;26.7774;13.5513;13.2261
Example Cup 2024;EXC2024-M17;17;TMA v TMD;TMD;TMD022;50;25.2633;13.1719;12.0914
Example Cup 2024;EXC2024-M17;17;TMA v TMD;TMD;TMD018;46;23.2276;12.5275;10.7001
Example Cup 2024;EXC2024-M17;17;TMA v TMD;TMD;TMD006;41;20.7302;10.4441;10.2861
Example Cup 2024;EXC2024-M17;17;TMA v TMD;TMD;TMD001;36;18.3224;9.2737;9.0487
Example Cup 2024;EXC2024-M18;18;TMB v TMC;TMB;TMB017;60;31.8053;16.4919;15.3134
Example Cup 2024;EXC2024-M18;18;TMB v TMC;TMB;TMB002;49;24.5276;11.4362;13.0914
Example Cup 2024;EXC2024-M18;18;TMB v TMC;TMB;TMB023;97;48.5632;25.6928;22.8704
Example Cup 2024;EXC2024-M18;18;TMB v TMC;TMB;TMB003;84;46.5009;21.2671;25.2338
Example Cup 2024;EXC2024-M18;18;TMB v TMC;TMB;TMB021;97;48.8628;21.9978;26.865
Example Cup 2024;EXC2024-M18;18;TMB v TMC;TMB;TMB019;97;53.4733;25.4488;28.0245
Example Cup 2024;EXC2024-M18;18;TMB v TMC;TMB;TMB007;74;37.9509;20.0013;17.9496
Example Cup 2024;EXC2024-M18;18;TMB v TMC;TMB;TMB013;89;47.4295;21.6604;25.7691
Example Cup 2024;EXC2024-M18;18;TMB v TMC;TMB;TMB008;97;53.6984;25.8724;27.826
Example Cup 2024;EXC2024-M18;18;TMB v TMC;TMB;TMB004;97;52.7385;26.8809;25.8576
Example Cup 2024;EXC2024-M18;18;TMB v TMC;TMB;TMB012;97;51.5174;25.0185;26.4989
Example Cup 2024;EXC2024-M18;18;TMB v TMC;TMB;TMB014;48;24.9043;13.6904;11.2139
Example Cup 2024;EXC2024-M18;18;TMB v TMC;TMB;TMB020;37;18.8278;9.4509;9.3769
Example Cup 2024;EXC2024-M18;18;TMB v TMC;TMB;TMB009;23;12.7303;6.2046;6.5257
Example Cup 2024;EXC2024-M18;18;TMB v TMC;TMB;TMB001;13;6.8159;3.1827;3.6332
Example Cup 2024;EXC2024-M18;18;TMB v TMC;TMB;TMB010;8;4.1681;2.2545;1.9136
Example Cup 2024;EXC2024-M18;18;TMB v TMC;TMC;TMC005;50;25.9565;14.2132;11.7433
Example Cup 2024;EXC2024-M18;18;TMB v TMC;TMC;TMC001;55;28.2124;14.8322;13.3802
Example Cup 2024;EXC2024-M18;18;TMB v TMC;TMC;TMC011;97;48.6233;24.3852;24.2381
Example Cup 2024;EXC2024-M18;18;TMB v TMC;TMC;TMC008;97;50.5641;27.4781;23.086
Example Cup 2024;EXC2024-M18;18;TMB v TMC;TMC;TMC004;97;50.8777;24.8822;25.9955
Example Cup 2024;EXC2024-M18;18;TMB v TMC;TMC;TMC012;97;51.4433;23.9681;27.4752
Example Cup 2024;EXC2024-M18;18;TMB v TMC;TMC;TMC003;97;51.764;24.02;27.744
Example Cup 2024;EXC2024-M18;18;TMB v TMC;TMC;TMC006;97;50.1286;26.2705;23.8581
Example Cup 2024;EXC2024-M18;18;TMB v TMC;TMC;TMC016;63;33.0557;16.0534;17.0023
Example Cup 2024;EXC2024-M18;18;TMB v TMC;TMC;TMC014;81;43.9302;21.0629;22.8673
Example Cup 2024;EXC2024-M18;18;TMB v TMC;TMC;TMC020;51;25.5852;12.5955;12.9897
Example Cup 2024;EXC2024-M18;18;TMB v TMC;TMC;TMC017;47;25.3883;12.2382;13.1501
Example Cup 2024;EXC2024-M18;18;TMB v TMC;TMC;TMC018;46;25.5054;11.7623;13.7431
Example Cup 2024;EXC2024-M18;18;TMB v TMC;TMC;TMC013;42;22.3784;10.5913;11.7871
Example Cup 2024;EXC2024-M18;18;TMB v TMC;TMC;TMC002;34;17.7654;9.1932;8.5722
Example Cup 2024;EXC2024-M18;18;TMB v TMC;TMC;TMC015;16;8.0585;3.7139;4.3446
Example Cup 2024;EXC2024-M19;19;TME v TMH;TME;TME019;96;51.4171;24.3994;27.0177
Example Cup 2024;EXC2024-M19;19;TME v TMH;TME;TME017;96;49.7645;26.6014;23.1631
Example Cup 2024;EXC2024-M19;19;TME v TMH;TME;TME023;96;51.5723;24.6415;26.9308
Example Cup 2024;EXC2024-M19;19;TME v TMH;TME;TME007;54;28.6086;14.226;14.3826
Example Cup 2024;EXC2024-M19;19;TME v TMH;TME;TME005;57;31.4027;15.4466;15.9561
Example Cup 2024;EXC2024-M19;19;TME v TMH;TME;TME002;96;48.7097;22.5046;26.2051
Example Cup 2024;EXC2024-M19;19;TME v TMH;TME;TME021;96;53.5717;24.7822;28.7895
Example Cup 2024;EXC2024-M19;19;TME v TMH;TME;TME010;60;32.6194;14.9811;17.6383
Example Cup 2024;EXC2024-M19;19;TME v TMH;TME;TME014;62;31.9959;15.736;16.2599
Example Cup 2024;EXC2024-M19;19;TME v TMH;TME;TME022;67;35.3227;17.737;17.5857
Example Cup 2024;EXC2024-M19;19;TME v TMH;TME;TME004;96;52.8115;23.8798;28.9317
Example Cup 2024;EXC2024-M19;19;TME v TMH;TME;TME015;42;21.1114;9.926;11.1854
Example Cup 2024;EXC2024-M19;19;TME v TMH;TME;TME003;39;21.3903;9.9537;11.4366
Example Cup 2024;EXC2024-M19;19;TME v TMH;TME;TME009;36;18.171;8.9517;9.2193
Example Cup 2024;EXC2024-M19;19;TME v TMH;TME;TME006;34;18.1063;8.5609;9.5454
Example Cup 2024;EXC2024-M19;19;TME v TMH;TME;TME001;29;15.0118;7.2249;7.7869
Example Cup 2024;EXC2024-M19;19;TME v TMH;TMH;TMH003;96;48.819;22.9416;25.8774
Example Cup 2024;EXC2024-M19;19;TME v TMH;TMH;TMH005;96;50.2755;23.515;26.7605
Example Cup 2024;EXC2024-M19;19;TME v TMH;TMH;TMH018;96;48.0286;25.1446;22.884
Example Cup 2024;EXC2024-M19;19;TME v TMH;TMH;TMH008;69;35.6595;16.9762;18.6833
Example Cup 2024;EXC2024-M19;19;TME v TMH;TMH;TMH015;96;53.4705;27.3407;26.1298
Example Cup 2024;EXC2024-M19;19;TME v TMH;TMH;TMH013;96;48.3588;23.7737;24.5851
Example Cup 2024;EXC2024-M19;19;TME v TMH;TMH;TMH007;96;50.2355;23.3328;26.9027
Example Cup 2024;EXC2024-M19;19;TME v TMH;TMH;TMH012;63;34.5249;17.5887;16.9362
Example Cup 2024;EXC2024-M19;19;TME v TMH;TMH;TMH002;53;28.2047;14.597;13.6077
Example Cup 2024;EXC2024-M19;19;TME v TMH;TMH;TMH014;56;28.9476;13.694;15.2536
Example Cup 2024;EXC2024-M19;19;TME v TMH;TMH;TMH004;51;25.7078;12.3253;13.3825
Example Cup 2024;EXC2024-M19;19;TME v TMH;TMH;TMH016;45;22.6863;11.5789;11.1074
Example Cup 2024;EXC2024-M19;19;TME v TMH;TMH;TMH017;43;22.5739;12.029;10.5449
Example Cup 2024;EXC2024-M19;19;TME v TMH;TMH;TMH009;40;20.4281;9.6707;10.7574
Example Cup 2024;EXC2024-M19;19;TME v TMH;TMH;TMH021;33;16.8155;8.0959;8.7196
Example Cup 2024;EXC2024-M19;19;TME v TMH;TMH;TMH010;27;14.2963;7.2187;7.0776
Example Cup 2024;EXC2024-M20;20;TMF v TMG;TMF;TMF010;95;51.9245;27.6843;24.2402
Example Cup 2024;EXC2024-M20;20;TMF v TMG;TMF;TMF007;102;52.6993;24.2999;28.3994
Example Cup 2024;EXC2024-M20;20;TMF v TMG;TMF;TMF009;102;54.6687;26.0909;28.5778
Example Cup 2024;EXC2024-M20;20;TMF v TMG;TMF;TMF012;102;51.1704;23.0608;28.1096
Example Cup 2024;EXC2024-M20;20;TMF v TMG;TMF;TMF017;77;40.2307;19.4675;20.7632
Example Cup 2024;EXC2024-M20;20;TMF v TMG;TMF;TMF019;63;32.0166;16.0399;15.9767
Example Cup 2024;EXC2024-M20;20;TMF v TMG;TMF;TMF002;102;52.2143;24.9909;27.2234
Example Cup 2024;EXC2024-M20;20;TMF v TMG;TMF;TMF023;58;29.0111;15.1979;13.8132
Example Cup 2024;EXC2024-M20;20;TMF v TMG;TMF;TMF006;102;52.8005;25.3816;27.4189
Example Cup 2024;EXC2024-M20;20;TMF v TMG;TMF;TMF022;58;32.0705;15.2757;16.7948
Example Cup 2024;EXC2024-M20;20;TMF v TMG;TMF;TMF015;102;52.4746;27.7599;24.7147
Example Cup 2024;EXC2024-M20;20;TMF v TMG;TMF;TMF013;44;22.739;12.0174;10.7216
Example Cup 2024;EXC2024-M20;20;TMF v TMG;TMF;TMF008;44;22.5986;11.7139;10.8847
Example Cup 2024;EXC2024-M20;20;TMF v TMG;TMF;TMF020;39;20.3455;10.7715;9.574
Example Cup 2024;EXC2024-M20;20;TMF v TMG;TMF;TMF001;25;13.2952;6.5657;6.7295
Example Cup 2024;EXC2024-M20;20;TMF v TMG;TMF;TMF014;7;3.6997;1.8444;1.8553
Example Cup 2024;EXC2024-M20;20;TMF v TMG;TMG;TMG018;102;54.339;24.9888;29.3502
Example Cup 2024;EXC2024-M20;20;TMF v TMG;TMG;TMG009;102;51.685;26.7998;24.8852
Example Cup 2024;EXC2024-M20;20;TMF v TMG;TMG;TMG017;96;50.0491;25.5045;24.5446
Example Cup 2024;EXC2024-M20;20;TMF v TMG;TMG;TMG016;102;52.1762;28.1856;23.9906
Example Cup 2024;EXC2024-M20;20;TMF v TMG;TMG;TMG022;70;38.5065;18.2962;20.2103
Example Cup 2024;EXC2024-M20;20;TMF v TMG;TMG;TMG005;102;54.3602;29.7034;24.6568
Example Cup 2024;EXC2024-M20;20;TMF v TMG;TMG;TMG007;102;53.5749;26.7252;26.8497
Example Cup 2024;EXC2024-M20;20;TMF v TMG;TMG;TMG001;76;42.3648;20.6186;21.7462
Example Cup 2024;EXC2024-M20;20;TMF v TMG;TMG;TMG013;48;25.3506;13.441;11.9096
Example Cup 2024;EXC2024-M20;20;TMF v TMG;TMG;TMG002;102;54.9188;28.8678;26.051
Example Cup 2024;EXC2024-M20;20;TMF v TMG;TMG;TMG008;75;40.2032;20.4314;19.7718
Example Cup 2024;EXC2024-M20;20;TMF v TMG;TMG;TMG003;54;27.872;15.0332;12.8388
Example Cup 2024;EXC2024-M20;20;TMF v TMG;TMG;TMG021;32;16.3435;8.848;7.4955
Example Cup 2024;EXC2024-M20;20;TMF v TMG;TMG;TMG011;27;14.596;7.7489;6.8471
Example Cup 2024;EXC2024-M20;20;TMF v TMG;TMG;TMG023;26;14.1653;6.5733;7.592
Example Cup 2024;EXC2024-M20;20;TMF v TMG;TMG;TMG010;6;3.1209;1.4291;1.6918
Example Cup 2024;EXC2024-M21;21;TMI v TML;TMI;TMI016;73;36.6314;17.0208;19.6106
Example Cup 2024;EXC2024-M21;21;TMI v TML;TMI;TMI002;99;51.4195;26.8256;24.5939
Example Cup 2024;EXC2024-M21;21;TMI v TML;TMI;TMI010;91;46.2519;22.3551;23.8968
Example Cup 2024;EXC2024-M21;21;TMI v TML;TMI;TMI006;99;52.0771;24.4196;27.6575
Example Cup 2024;EXC2024-M21;21;TMI v TML;TMI;TMI018;99;53.8235;25.9504;27.8731
Example Cup 2024;EXC2024-M21;21;TMI v TML;TMI;TMI020;69;34.5535;16.0566;18.4969
Example Cup 2024;EXC2024-M21;21;TMI v TML;TMI;TMI013;99;51.273;27.6601;23.6129
Example Cup 2024;EXC2024-M21;21;TMI v TML;TMI;TMI017;89;47.5591;24.5177;23.0414
Example Cup 2024;EXC2024-M21;21;TMI v TML;TMI;TMI007;99;54.1992;26.4416;27.7576
Example Cup 2024;EXC2024-M21;21;TMI v TML;TMI;TMI012;86;44.4763;22.9294;21.5469
Example Cup 2024;EXC2024-M21;21;TMI v TML;TMI;TMI014;99;54.8304;28.2151;26.6153
Example Cup 2024;EXC2024-M21;21;TMI v TML;TMI;TMI001;30;16.3056;8.2778;8.0278
Example Cup 2024;EXC2024-M21;21;TMI v TML;TMI;TMI022;26;13.4956;6.9851;6.5105
Example Cup 2024;EXC2024-M21;21;TMI v TML;TMI;TMI021;13;6.7473;3.1298;3.6175
Example Cup 2024;EXC2024-M21;21;TMI v TML;TMI;TMI009;10;5.4324;2.9161;2.5163
Example Cup 2024;EXC2024-M21;21;TMI v TML;TMI;TMI005;8;4.2371;2.2872;1.9499
Example Cup 2024;EXC2024-M21;21;TMI v TML;TML;TML009;99;51.1149;27.1067;24.0082
Example Cup 2024;EXC2024-M21;21;TMI v TML;TML;TML011;64;33.3531;15.4137;17.9394
Example Cup 2024;EXC2024-M21;21;TMI v TML;TML;TML019;71;39.2693;17.7175;21.5518
Example Cup 2024;EXC2024-M21;21;TMI v TML;TML;TML010;67;34.8862;17.8884;16.9978
Example Cup 2024;EXC2024-M21;21;TMI v TML;TML;TML007;76;41.8878;20.3148;21.573
Example Cup 2024;EXC2024-M21;21;TMI v TML;TML;TML015;99;50.9806;27.3685;23.6121
Example Cup 2024;EXC2024-M21;21;TMI v TML;TML;TML013;99;54.9601;24.9268;30.0333
Example Cup 2024;EXC2024-M21;21;TMI v TML;TML;TML004;99;51.7335;27.3233;24.4102
Example Cup 2024;EXC2024-M21;21;TMI v TML;TML;TML006;99;50.1259;25.6909;24.435
Example Cup 2024;EXC2024-M21;21;TMI v TML;TML;TML018;67;35.3413;16.913;18.4283
Example Cup 2024;EXC2024-M21;21;TMI v TML;TML;TML017;99;49.6179;24.0354;25.5825
Example Cup 2024;EXC2024-M21;21;TMI v TML;TML;TML003;35;17.7999;8.3922;9.4077
Example Cup 2024;EXC2024-M21;21;TMI v TML;TML;TML023;32;17.4174;7.9059;9.5115
Example Cup 2024;EXC2024-M21;21;TMI v TML;TML;TML005;32;17.5725;9.1085;8.464
Example Cup 2024;EXC2024-M21;21;TMI v TML;TML;TML021;28;14.1465;6.3784;7.7681
Example Cup 2024;EXC2024-M21;21;TMI v TML;TML;TML002;23;12.3789;5.6239;6.755
Example Cup 2024;EXC2024-M22;22;TMJ v TMK;TMJ;TMJ009;98;52.5731;25.3819;27.1912
Example Cup 2024;EXC2024-M22;22;TMJ v TMK;TMJ;TMJ010;79;40.0338;21.2122;18.8216
Example Cup 2024;EXC2024-M22;22;TMJ v TMK;TMJ;TMJ016;86;47.8688;23.088;24.7808
Example Cup 2024;EXC2024-M22;22;TMJ v TMK;TMJ;TMJ004;74;41.2669;20.8544;20.4125
Example Cup 2024;EXC2024-M22;22;TMJ v TMK;TMJ;TMJ018;98;49.5713;26.0428;23.5285
Example Cup 2024;EXC2024-M22;22;TMJ v TMK;TMJ;TMJ017;54;28.2443;12.7592;15.4851
Example Cup 2024;EXC2024-M22;22;TMJ v TMK;TMJ;TMJ023;98;50.7249;22.903;27.8219
Example Cup 2024;EXC2024-M22;22;TMJ v TMK;TMJ;TMJ013;98;49.8829;24.3219;25.561
Example Cup 2024;EXC2024-M22;22;TMJ v TMK;TMJ;TMJ008;98;49.5106;26.942;22.5686
Example Cup 2024;EXC2024-M22;22;TMJ v TMK;TMJ;TMJ011;98;53.4356;28.5795;24.8561
Example Cup 2024;EXC2024-M22;22;TMJ v TMK;TMJ;TMJ021;67;34.1406;16.7088;17.4318
Example Cup 2024;EXC2024-M22;22;TMJ v TMK;TMJ;TMJ015;44;24.1311;12.9543;11.1768
Example Cup 2024;EXC2024-M22;22;TMJ v TMK;TMJ;TMJ022;31;16.487;8.5343;7.9527
Example Cup 2024;EXC2024-M22;22;TMJ v TMK;TMJ;TMJ012;24;12.8227;6.0888;6.7339
Example Cup 2024;EXC2024-M22;22;TMJ v TMK;TMJ;TMJ001;19;10.3128;4.9752;5.3376
Example Cup 2024;EXC2024-M22;22;TMJ v TMK;TMJ;TMJ005;12;6.2589;2.8794;3.3795
Example Cup 2024;EXC2024-M22;22;TMJ v TMK;TMK;TMK016;98;51.2401;25.8255;25.4146
Example Cup 2024;EXC2024-M22;22;TMJ v TMK;TMK;TMK011;98;53.6195;29.2371;24.3824
Example Cup 2024;EXC2024-M22;22;TMJ v TMK;TMK;TMK014;98;51.3508;24.5868;26.764
Example Cup 2024;EXC2024-M22;22;TMJ v TMK;TMK;TMK018;98;51.4773;23.5926;27.8847
Example Cup 2024;EXC2024-M22;22;TMJ v TMK;TMK;TMK004;98;53.4959;28.6677;24.8282
Example Cup 2024;EXC2024-M22;22;TMJ v TMK;TMK;TMK006;89;48.4153;23.8972;24.5181
Example Cup 2024;EXC2024-M22;22;TMJ v TMK;TMK;TMK017;46;25.5952;12.2251;13.3701
Example Cup 2024;EXC2024-M22;22;TMJ v TMK;TMK;TMK001;75;38.1746;19.1458;19.0288
Example Cup 2024;EXC2024-M22;22;TMJ v TMK;TMK;TMK005;49;25.1992;13.1043;12.0949
Example Cup 2024;EXC2024-M22;22;TMJ v TMK;TMK;TMK002;98;50.434;26.8024;23.6316
Example Cup 2024;EXC2024-M22;22;TMJ v TMK;TMK;TMK019;46;24.6591;13.0488;11.6103
Example Cup 2024;EXC2024-M22;22;TMJ v TMK;TMK;TMK023;52;27.1769;14.8021;12.3748
Example Cup 2024;EXC2024-M22;22;TMJ v TMK;TMK;TMK007;52;26.3084;13.0001;13.3083
Example Cup 2024;EXC2024-M22;22;TMJ v TMK;TMK;TMK021;49;27.1418;14.6911;12.4507
Example Cup 2024;EXC2024-M22;22;TMJ v TMK;TMK;TMK010;23;12.2563;5.6798;6.5765
Example Cup 2024;EXC2024-M22;22;TMJ v TMK;TMK;TMK003;9;4.8294;2.4922;2.3372
Example Cup 2024;EXC2024-M23;23;TMM v TMP;TMM;TMM008;97;54.21;27.0801;27.1299
Example Cup 2024;EXC2024-M23;23;TMM v TMP;TMM;TMM021;89;48.6839;24.774;23.9099
Example Cup 2024;EXC2024-M23;23;TMM v TMP;TMM;TMM016;62;33.717;18.4578;15.2592
Example Cup 2024;EXC2024-M23;23;TMM v TMP;TMM;TMM009;53;28.8995;14.2108;14.6887
Example Cup 2024;EXC2024-M23;23;TMM v TMP;TMM;TMM014;97;52.7053;28.7858;23.9195
Example Cup 2024;EXC2024-M23;23;TMM v TMP;TMM;TMM004;97;50.0777;24.2733;25.8044
Example Cup 2024;EXC2024-M23;23;TMM v TMP;TMM;TMM010;97;53.511;24.1855;29.3255
Example Cup 2024;EXC2024-M23;23;TMM v TMP;TMM;TMM023;79;40.8756;21.8309;19.0447
Example Cup 2024;EXC2024-M23;23;TMM v TMP;TMM;TMM013;64;34.7866;17.0765;17.7101
Example Cup 2024;EXC2024-M23;23;TMM v TMP;TMM;TMM022;97;53.6079;24.6953;28.9126
Example Cup 2024;EXC2024-M23;23;TMM v TMP;TMM;TMM002;97;50.5728;26.2969;24.2759
Example Cup 2024;EXC2024-M23;23;TMM v TMP;TMM;TMM012;44;23.8659;12.3171;11.5488
Example Cup 2024;EXC2024-M23;23;TMM v TMP;TMM;TMM005;35;19.522;9.0892;10.4328
Example Cup 2024;EXC2024-M23;23;TMM v TMP;TMM;TMM017;33;16.9217;8.393;8.5287
Example Cup 2024;EXC2024-M23;23;TMM v TMP;TMM;TMM007;18;9.405;4.4612;4.9438
Example Cup 2024;EXC2024-M23;23;TMM v TMP;TMM;TMM006;8;4.0068;1.8845;2.1223
Example Cup 2024;EXC2024-M23;23;TMM v TMP;TMP;TMP021;59;32.0642;14.7451;17.3191
Example Cup 2024;EXC2024-M23;23;TMM v TMP;TMP;TMP002;97;51.748;24.3653;27.3827
Example Cup 2024;EXC2024-M23;23;TMM v TMP;TMP;TMP020;97;49.652;24.7462;24.9058
Example Cup 2024;EXC2024-M23;23;TMM v TMP;TMP;TMP014;53;27.6902;13.9304;13.7598
Example Cup 2024;EXC2024-M23;23;TMM v TMP;TMP;TMP003;64;32.7512;15.7633;16.9879
Example Cup 2024;EXC2024-M23;23;TMM v TMP;TMP;TMP017;97;53.1317;24.3677;28.764
Example Cup 2024;EXC2024-M23;23;TMM v TMP;TMP;TMP007;48;25.7575;11.8053;13.9522
Example Cup 2024;EXC2024-M23;23;TMM v TMP;TMP;TMP023;97;53.5234;24.769;28.7544
Example Cup 2024;EXC2024-M23;23;TMM v TMP;TMP;TMP011;56;28.7679;13.5526;15.2153
Example Cup 2024;EXC2024-M23;23;TMM v TMP;TMP;TMP019;97;48.7739;25.9235;22.8504
Example Cup 2024;EXC2024-M23;23;TMM v TMP;TMP;TMP005;97;54.0192;29.088;24.9312
Example Cup 2024;EXC2024-M23;23;TMM v TMP;TMP;TMP010;49;27.3579;13.8486;13.5093
Example Cup 2024;EXC2024-M23;23;TMM v TMP;TMP;TMP006;44;22.2711;10.1793;12.0918
Example Cup 2024;EXC2024-M23;23;TMM v TMP;TMP;TMP015;41;22.9573;10.5356;12.4217
Example Cup 2024;EXC2024-M23;23;TMM v TMP;TMP;TMP004;38;19.3695;9.218;10.1515
Example Cup 2024;EXC2024-M23;23;TMM v TMP;TMP;TMP012;33;16.5898;7.7157;8.8741
Example Cup 2024;EXC2024-M24;24;TMN v TMO;TMN;TMN023;97;52.1771;24.1177;28.0594
Example Cup 2024;EXC2024-M24;24;TMN v TMO;TMN;TMN011;97;53.2108;28.3411;24.8697
Example Cup 2024;EXC2024-M24;24;TMN v TMO;TMN;TMN015;87;47.2683;25.8519;21.4164
Example Cup 2024;EXC2024-M24;24;TMN v TMO;TMN;TMN007;97;49.3069;24.7567;24.5502
Example Cup 2024;EXC2024-M24;24;TMN v TMO;TMN;TMN005;97;49.193600000000004;23.7815;25.4121
Example Cup 2024;EXC2024-M24;24;TMN v TMO;TMN;TMN016;65;35.9829;16.956;19.0269
Example Cup 2024;EXC2024-M24;24;TMN v TMO;TMN;TMN018;97;48.9425;24.483;24.4595
Example Cup 2024;EXC2024-M24;24;TMN v TMO;TMN;TMN014;58;29.0715;13.6259;15.4456
Example Cup 2024;EXC2024-M24;24;TMN v TMO;TMN;TMN019;82;41.2829;19.8203;21.4626
Example Cup 2024;EXC2024-M24;24;TMN v TMO;TMN;TMN001;73;37.174;18.988;18.186
Example Cup 2024;EXC2024-M24;24;TMN v TMO;TMN;TMN021;97;49.1565;23.7626;25.3939
Example Cup 2024;EXC2024-M24;24;TMN v TMO;TMN;TMN010;39;20.6069;10.2422;10.3647
Example Cup 2024;EXC2024-M24;24;TMN v TMO;TMN;TMN009;32;16.3338;7.647;8.6868
Example Cup 2024;EXC2024-M24;24;TMN v TMO;TMN;TMN020;24;12.9042;6.1552;6.749
Example Cup 2024;EXC2024-M24;24;TMN v TMO;TMN;TMN006;15;7.7762;4.0509;3.7253
Example Cup 2024;EXC2024-M24;24;TMN v TMO;TMN;TMN003;10;5.3156;2.6761;2.6395
Example Cup 2024;EXC2024-M24;24;TMN v TMO;TMO;TMO014;97;51.7413;25.6896;26.0517
Example Cup 2024;EXC2024-M24;24;TMN v TMO;TMO;TMO012;71;38.5102;19.4765;19.0337
Example Cup 2024;EXC2024-M24;24;TMN v TMO;TMO;TMO002;45;23.933;12.8654;11.0676
Example Cup 2024;EXC2024-M24;24;TMN v TMO;TMO;TMO003;97;53.6109;26.9829;26.628
Example Cup 2024;EXC2024-M24;24;TMN v TMO;TMO;TMO008;68;37.5465;19.5332;18.0133
Example Cup 2024;EXC2024-M24;24;TMN v TMO;TMO;TMO018;97;51.0103;27.5593;23.451
Example Cup 2024;EXC2024-M24;24;TMN v TMO;TMO;TMO007;69;36.238;16.4309;19.8071
Example Cup 2024;EXC2024-M24;24;TMN v TMO;TMO;TMO022;97;49.278;25.6688;23.6092
Example Cup 2024;EXC2024-M24;24;TMN v TMO;TMO;TMO013;97;52.2721;24.4726;27.7995
Example Cup 2024;EXC2024-M24;24;TMN v TMO;TMO;TMO021;77;40.7958;20.674;20.1218
Example Cup 2024;EXC2024-M24;24;TMN v TMO;TMO;TMO001;97;52.1465;26.7788;25.3677
Example Cup 2024;EXC2024-M24;24;TMN v TMO;TMO;TMO019;52;28.3708;13.7742;14.5966
Example Cup 2024;EXC2024-M24;24;TMN v TMO;TMO;TMO016;29;14.583;7.7415;6.8415
Example Cup 2024;EXC2024-M24;24;TMN v TMO;TMO;TMO020;28;14.1839;7.7459;6.438
Example Cup 2024;EXC2024-M24;24;TMN v TMO;TMO;TMO017;26;13.5279;6.7547;6.7732
Example Cup 2024;EXC2024-M24;24;TMN v TMO;TMO;TMO010;20;10.824;4.9896;5.8344
Example Cup 2024;EXC2024-M25;25;TMA v TMF;TMA;TMA010;56;30.2392;15.8705;14.3687
Example Cup 2024;EXC2024-M25;25;TMA v TMF;TMA;TMA003;60;31.9681;15.177;16.7911
Example Cup 2024;EXC2024-M25;25;TMA v TMF;TMA;TMA012;99;51.4013;26.773;24.6283
Example Cup 2024;EXC2024-M25;25;TMA v TMF;TMA;TMA008;99;54.7993;27.6376;27.1617
Example Cup 2024;EXC2024-M25;25;TMA v TMF;TMA;TMA014;57;30.9366;16.2265;14.7101
Example Cup 2024;EXC2024-M25;25;TMA v TMF;TMA;TMA011;99;51.6974;23.9476;27.7498
Example Cup 2024;EXC2024-M25;25;TMA v TMF;TMA;TMA020;67;34.7886;18.3742;16.4144
Example Cup 2024;EXC2024-M25;25;TMA v TMF;TMA;TMA023;99;51.0432;26.904;24.1392
Example Cup 2024;EXC2024-M25;25;TMA v TMF;TMA;TMA013;99;49.5873;23.4721;26.1152
Example Cup 2024;EXC2024-M25;25;TMA v TMF;TMA;TMA019;99;55.2272;28.1697;27.0575
Example Cup 2024;EXC2024-M25;25;TMA v TMF;TMA;TMA009;49;25.7825;12.916;12.8665
Example Cup 2024;EXC2024-M25;25;TMA v TMF;TMA;TMA017;50;25.5202;13.8491;11.6711
Example Cup 2024;EXC2024-M25;25;TMA v TMF;TMA;TMA007;43;23.4119;11.8539;11.558
Example Cup 2024;EXC2024-M25;25;TMA v TMF;TMA;TMA018;42;23.3582;10.8774;12.4808
Example Cup 2024;EXC2024-M25;25;TMA v TMF;TMA;TMA015;39;19.7972;9.3334;10.4638
Example Cup 2024;EXC2024-M25;25;TMA v TMF;TMA;TMA005;32;16.2141;7.4674;8.7467
Example Cup 2024;EXC2024-M25;25;TMA v TMF;TMF;TMF001;80;41.648;19.9494;21.6986
Example Cup 2024;EXC2024-M25;25;TMA v TMF;TMF;TMF017;99;52.5836;25.1214;27.4622
Example Cup 2024;EXC2024-M25;25;TMA v TMF;TMF;TMF010;99;53.2693;25.9512;27.3181
Example Cup 2024;EXC2024-M25;25;TMA v TMF;TMF;TMF016;85;47.3715;22.5859;24.7856
Example Cup 2024;EXC2024-M25;25;TMA v TMF;TMF;TMF002;82;44.7238;23.8206;20.9032
Example Cup 2024;EXC2024-M25;25;TMA v TMF;TMF;TMF003;94;50.5696;27.4648;23.1048
Example Cup 2024;EXC2024-M25;25;TMA v TMF;TMF;TMF006;99;53.115;24.7867;28.3283
Example Cup 2024;EXC2024-M25;25;TMA v TMF;TMF;TMF020;69;34.8465;17.7317;17.1148
Example Cup 2024;EXC2024-M25;25;TMA v TMF;TMF;TMF005;99;51.0502;24.5283;26.5219
Example Cup 2024;EXC2024-M25;25;TMA v TMF;TMF;TMF023;99;55.2057;27.4373;27.7684
Example Cup 2024;EXC2024-M25;25;TMA v TMF;TMF;TMF022;99;52.2215;24.1641;28.0574
Example Cup 2024;EXC2024-M25;25;TMA v TMF;TMF;TMF011;30;15.3261;6.9493;8.3768
Example Cup 2024;EXC2024-M25;25;TMA v TMF;TMF;TMF015;19;10.145;4.9011;5.2439
Example Cup 2024;EXC2024-M25;25;TMA v TMF;TMF;TMF009;17;8.8826;4.7778;4.1048
Example Cup 2024;EXC2024-M25;25;TMA v TMF;TMF;TMF014;14;7.4427;3.7805;3.6622
Example Cup 2024;EXC2024-M25;25;TMA v TMF;TMF;TMF019;5;2.5991;1.2716;1.3275
Example Cup 2024;EXC2024-M26;26;TME v TMB;TME;TME002;98;54.6775;24.7804;29.8971
Example Cup 2024;EXC2024-M26;26;TME v TMB;TME;TME015;98;52.0013;24.7598;27.2415
Example Cup 2024;EXC2024-M26;26;TME v TMB;TME;TME023;59;31.4623;16.9261;14.5362
Example Cup 2024;EXC2024-M26;26;TME v TMB;TME;TME009;98;50.4838;26.9136;23.5702
Example Cup 2024;EXC2024-M26;26;TME v TMB;TME;TME005;98;52.2659;24.4069;27.859
Example Cup 2024;EXC2024-M26;26;TME v TMB;TME;TME018;65;36.3085;19.8573;16.4512
Example Cup 2024;EXC2024-M26;26;TME v TMB;TME;TME016;60;32.9504;17.081;15.8694
Example Cup 2024;EXC2024-M26;26;TME v TMB;TME;TME001;65;34.5354;16.4524;18.083
Example Cup 2024;EXC2024-M26;26;TME v TMB;TME;TME012;98;53.6803;29.4031;24.2772
Example Cup 2024;EXC2024-M26;26;TME v TMB;TME;TME003;98;54.3031;26.7832;27.5199
Example Cup 2024;EXC2024-M26;26;TME v TMB;TME;TME004;78;42.3547;20.6647;21.69
Example Cup 2024;EXC2024-M26;26;TME v TMB;TME;TME022;39;21.6829;9.8402;11.8427
Example Cup 2024;EXC2024-M26;26;TME v TMB;TME;TME008;38;19.591;9.9048;9.6862
Example Cup 2024;EXC2024-M26;26;TME v TMB;TME;TME014;33;17.5206;9.5488;7.9718
Example Cup 2024;EXC2024-M26;26;TME v TMB;TME;TME013;33;16.5065;8.1082;8.3983
Example Cup 2024;EXC2024-M26;26;TME v TMB;TME;TME017;20;10.9893;5.8738;5.1155
Example Cup 2024;EXC2024-M26;26;TME v TMB;TMB;TMB019;98;54.6647;28.7057;25.959
Example Cup 2024;EXC2024-M26;26;TME v TMB;TMB;TMB012;86;45.6516;23.3574;22.2942
Example Cup 2024;EXC2024-M26;26;TME v TMB;TMB;TMB002;92;49.3027;24.6049;24.6978
Example Cup 2024;EXC2024-M26;26;TME v TMB;TMB;TMB001;85;43.0696;21.7046;21.365
Example Cup 2024;EXC2024-M26;26;TME v TMB;TMB;TMB023;98;54.5894;24.9189;29.6705
Example Cup 2024;EXC2024-M26;26;TME v TMB;TMB;TMB003;60;30.4654;14.5587;15.9067
Example Cup 2024;EXC2024-M26;26;TME v TMB;TMB;TMB006;98;54.3754;28.7554;25.62
Example Cup 2024;EXC2024-M26;26;TME v TMB;TMB;TMB017;68;37.242;18.2645;18.9775
Example Cup 2024;EXC2024-M26;26;TME v TMB;TMB;TMB011;98;53.4004;28.9244;24.476
Example Cup 2024;EXC2024-M26;26;TME v TMB;TMB;TMB021;98;51.596;28.1131;23.4829
Example Cup 2024;EXC2024-M26;26;TME v TMB;TMB;TMB004;98;50.4654;24.6519;25.8135
Example Cup 2024;EXC2024-M26;26;TME v TMB;TMB;TMB020;38;21.1185;11.2697;9.8488
Example Cup 2024;EXC2024-M26;26;TME v TMB;TMB;TMB014;30;16.0969;8.0574;8.0395
Example Cup 2024;EXC2024-M26;26;TME v TMB;TMB;TMB015;13;7.2115;3.8909;3.3206
Example Cup 2024;EXC2024-M26;26;TME v TMB;TMB;TMB005;12;6.1558;3.3706;2.7852
Example Cup 2024;EXC2024-M26;26;TME v TMB;TMB;TMB007;6;3.1379;1.418;1.7199
Example Cup 2024;EXC2024-M27;27;TMI v TMN;TMI;TMI016;118;59.2584;28.201;31.0574
Example Cup 2024;EXC2024-M27;27;TMI v TMN;TMI;TMI014;132;72.3287;39.5095;32.8192
Example Cup 2024;EXC2024-M27;27;TMI v TMN;TMI;TMI006;82;41.7433;22.2247;19.5186
Example Cup 2024;EXC2024-M27;27;TMI v TMN;TMI;TMI001;132;69.6702;31.7312;37.939
Example Cup 2024;EXC2024-M27;27;TMI v TMN;TMI;TMI020;132;70.5535;32.819;37.7345
Example Cup 2024;EXC2024-M27;27;TMI v TMN;TMI;TMI019;132;70.3731;34.8691;35.504
Example Cup 2024;EXC2024-M27;27;TMI v TMN;TMI;TMI013;103;53.9358;29.097;24.8388
Example Cup 2024;EXC2024-M27;27;TMI v TMN;TMI;TMI012;132;69.7251;37.265;32.4601
Example Cup 2024;EXC2024-M27;27;TMI v TMN;TMI;TMI015;96;50.9323;26.2687;24.6636
Example Cup 2024;EXC2024-M27;27;TMI v TMN;TMI;TMI022;63;34.4196;18.7808;15.6388
Example Cup 2024;EXC2024-M27;27;TMI v TMN;TMI;TMI005;132;69.1993;37.7976;31.4017
Example Cup 2024;EXC2024-M27;27;TMI v TMN;TMI;TMI021;69;34.631;17.653;16.978
Example Cup 2024;EXC2024-M27;27;TMI v TMN;TMI;TMI002;50;26.1728;11.8867;14.2861
Example Cup 2024;EXC2024-M27;27;TMI v TMN;TMI;TMI003;36;18.2403;9.3529;8.8874
Example Cup 2024;EXC2024-M27;27;TMI v TMN;TMI;TMI018;29;16.2235;7.3846;8.8389
Example Cup 2024;EXC2024-M27;27;TMI v TMN;TMI;TMI017;14;7.1719;3.4545;3.7174
Example Cup 2024;EXC2024-M27;27;TMI v TMN;TMN;TMN003;71;36.2795;18.0951;18.1844
Example Cup 2024;EXC2024-M27;27;TMI v TMN;TMN;TMN010;132;70.2388;33.1925;37.0463
Example Cup 2024;EXC2024-M27;27;TMI v TMN;TMN;TMN022;132;73.7381;37.0042;36.7339
Example Cup 2024;EXC2024-M27;27;TMI v TMN;TMN;TMN006;122;63.5199;30.0211;33.4988
Example Cup 2024;EXC2024-M27;27;TMI v TMN;TMN;TMN019;132;67.9766;31.3406;36.636
Example Cup 2024;EXC2024-M27;27;TMI v TMN;TMN;TMN004;102;53.6863;25.9752;27.7111
Example Cup 2024;EXC2024-M27;27;TMI v TMN;TMN;TMN017;114;61.5601;30.5805;30.9796
Example Cup 2024;EXC2024-M27;27;TMI v TMN;TMN;TMN011;132;73.2785;37.8804;35.3981
Example Cup 2024;EXC2024-M27;27;TMI v TMN;TMN;TMN001;132;67.0649;33.1254;33.9395
Example Cup 2024;EXC2024-M27;27;TMI v TMN;TMN;TMN005;132;70.9924;35.982;35.0104
Example Cup 2024;EXC2024-M27;27;TMI v TMN;TMN;TMN013;100;52.9046;25.6774;27.2272
Example Cup 2024;EXC2024-M27;27;TMI v TMN;TMN;TMN020;61;33.959;15.9789;17.9801
Example Cup 2024;EXC2024-M27;27;TMI v TMN;TMN;TMN021;32;16.6862;8.2321;8.4541
Example Cup 2024;EXC2024-M27;27;TMI v TMN;TMN;TMN014;30;15.541;7.7856;7.7554
Example Cup 2024;EXC2024-M27;27;TMI v TMN;TMN;TMN012;18;9.0335;4.1037;4.9298
Example Cup 2024;EXC2024-M27;27;TMI v TMN;TMN;TMN008;10;5.3226;2.4386;2.884
Example Cup 2024;EXC2024-M28;28;TMM v TMJ;TMM;TMM015;101;55.2611;27.7791;27.482
Example Cup 2024;EXC2024-M28;28;TMM v TMJ;TMM;TMM013;53;28.8604;15.4917;13.3687
Example Cup 2024;EXC2024-M28;28;TMM v TMJ;TMM;TMM020;101;52.8428;25.3361;27.5067
Example Cup 2024;EXC2024-M28;28;TMM v TMJ;TMM;TMM003;101;56.1402;30.162;25.9782
Example Cup 2024;EXC2024-M28;28;TMM v TMJ;TMM;TMM002;101;55.9675;27.2315;28.736
Example Cup 2024;EXC2024-M28;28;TMM v TMJ;TMM;TMM005;96;49.9146;22.5588;27.3558
Example Cup 2024;EXC2024-M28;28;TMM v TMJ;TMM;TMM022;101;53.5811;29.3207;24.2604
Example Cup 2024;EXC2024-M28;28;TMM v TMJ;TMM;TMM023;84;45.3584;24.5742;20.7842
Example Cup 2024;EXC2024-M28;28;TMM v TMJ;TMM;TMM011;101;54.5279;24.7947;29.7332
Example Cup 2024;EXC2024-M28;28;TMM v TMJ;TMM;TMM001;65;36.0504;17.2921;18.7583
Example Cup 2024;EXC2024-M28;28;TMM v TMJ;TMM;TMM007;62;31.9171;17.549;14.3681
Example Cup 2024;EXC2024-M28;28;TMM v TMJ;TMM;TMM016;48;24.1983;11.0778;13.1205
Example Cup 2024;EXC2024-M28;28;TMM v TMJ;TMM;TMM021;39;21.2211;10.4401;10.781
Example Cup 2024;EXC2024-M28;28;TMM v TMJ;TMM;TMM010;36;20.0483;9.072;10.9763
Example Cup 2024;EXC2024-M28;28;TMM v TMJ;TMM;TMM009;17;9.4669;4.6594;4.8075
Example Cup 2024;EXC2024-M28;28;TMM v TMJ;TMM;TMM019;5;2.506;1.2553;1.2507
Example Cup 2024;EXC2024-M28;28;TMM v TMJ;TMJ;TMJ018;57;31.1484;14.5802;16.5682
Example Cup 2024;EXC2024-M28;28;TMM v TMJ;TMJ;TMJ019;90;49.8906;24.7185;25.1721
Example Cup 2024;EXC2024-M28;28;TMM v TMJ;TMJ;TMJ003;101;53.1715;26.4574;26.7141
Example Cup 2024;EXC2024-M28;28;TMM v TMJ;TMJ;TMJ002;87;48.6734;25.8279;22.8455
Example Cup 2024;EXC2024-M28;28;TMM v TMJ;TMJ;TMJ001;101;55.892;30.1255;25.7665
Example Cup 2024;EXC2024-M28;28;TMM v TMJ;TMJ;TMJ021;101;52.8179;28.4587;24.3592
Example Cup 2024;EXC2024-M28;28;TMM v TMJ;TMJ;TMJ022;101;51.6938;24.5693;27.1245
Example Cup 2024;EXC2024-M28;28;TMM v TMJ;TMJ;TMJ008;101;54.4552;24.7487;29.7065
Example Cup 2024;EXC2024-M28;28;TMM v TMJ;TMJ;TMJ015;101;51.3707;25.0375;26.3332
Example Cup 2024;EXC2024-M28;28;TMM v TMJ;TMJ;TMJ004;89;46.6812;24.9893;21.6919
Example Cup 2024;EXC2024-M28;28;TMM v TMJ;TMJ;TMJ020;85;44.3583;24.0557;20.3026
Example Cup 2024;EXC2024-M28;28;TMM v TMJ;TMJ;TMJ016;44;22.4485;10.6651;11.7834
Example Cup 2024;EXC2024-M28;28;TMM v TMJ;TMJ;TMJ017;16;8.7761;4.0102;4.7659
Example Cup 2024;EXC2024-M28;28;TMM v TMJ;TMJ;TMJ012;14;7.6717;3.683;3.9887
Example Cup 2024;EXC2024-M28;28;TMM v TMJ;TMJ;TMJ009;12;6.5989;2.9849;3.614
Example Cup 2024;EXC2024-M28;28;TMM v TMJ;TMJ;TMJ011;11;5.9498;2.6845;3.2653
Example Cup 2024;EXC2024-M29;29;TMA v TMI;TMA;TMA015;99;50.3919;26.1256;24.2663
Example Cup 2024;EXC2024-M29;29;TMA v TMI;TMA;TMA004;89;46.3171;21.3585;24.9586
Example Cup 2024;EXC2024-M29;29;TMA v TMI;TMA;TMA013;92;46.9871;22.7658;24.2213
Example Cup 2024;EXC2024-M29;29;TMA v TMI;TMA;TMA003;46;25.3611;12.4962;12.8649
Example Cup 2024;EXC2024-M29;29;TMA v TMI;TMA;TMA001;99;50.4506;26.6735;23.7771
Example Cup 2024;EXC2024-M29;29;TMA v TMI;TMA;TMA019;58;30.5512;13.9062;16.645
Example Cup 2024;EXC2024-M29;29;TMA v TMI;TMA;TMA016;99;51.5859;27.5959;23.99
Example Cup 2024;EXC2024-M29;29;TMA v TMI;TMA;TMA010;99;52.0287;27.7657;24.263
Example Cup 2024;EXC2024-M29;29;TMA v TMI;TMA;TMA006;65;33.7024;17.2155;16.4869
Example Cup 2024;EXC2024-M29;29;TMA v TMI;TMA;TMA018;99;50.9587;24.8177;26.141
Example Cup 2024;EXC2024-M29;29;TMA v TMI;TMA;TMA009;99;54.7918;26.2306;28.5612
Example Cup 2024;EXC2024-M29;29;TMA v TMI;TMA;TMA014;53;28.094;13.1581;14.9359
Example Cup 2024;EXC2024-M29;29;TMA v TMI;TMA;TMA023;41;20.7111;11.3022;9.4089
Example Cup 2024;EXC2024-M29;29;TMA v TMI;TMA;TMA007;34;17.9795;9.2681;8.7114
Example Cup 2024;EXC2024-M29;29;TMA v TMI;TMA;TMA020;10;5.0844;2.5645;2.5199
Example Cup 2024;EXC2024-M29;29;TMA v TMI;TMA;TMA002;7;3.8205;1.7624;2.0581
Example Cup 2024;EXC2024-M29;29;TMA v TMI;TMI;TMI019;99;50.7751;26.95;23.8251
Example Cup 2024;EXC2024-M29;29;TMA v TMI;TMI;TMI009;99;52.2809;27.5886;24.6923
Example Cup 2024;EXC2024-M29;29;TMA v TMI;TMI;TMI020;64;32.023;16.4925;15.5305
Example Cup 2024;EXC2024-M29;29;TMA v TMI;TMI;TMI003;99;54.0639;29.4959;24.568
Example Cup 2024;EXC2024-M29;29;TMA v TMI;TMI;TMI008;99;50.3244;27.0668;23.2576
Example Cup 2024;EXC2024-M29;29;TMA v TMI;TMI;TMI012;80;44.6058;20.6755;23.9303
Example Cup 2024;EXC2024-M29;29;TMA v TMI;TMI;TMI002;73;38.4714;18.3263;20.1451
Example Cup 2024;EXC2024-M29;29;TMA v TMI;TMI;TMI022;99;51.8594;27.5173;24.3421
Example Cup 2024;EXC2024-M29;29;TMA v TMI;TMI;TMI015;49;25.7335;12.7022;13.0313
Example Cup 2024;EXC2024-M29;29;TMA v TMI;TMI;TMI021;76;39.9735;20.3301;19.6434
Example Cup 2024;EXC2024-M29;29;TMA v TMI;TMI;TMI011;99;50.3137;22.916;27.3977
Example Cup 2024;EXC2024-M29;29;TMA v TMI;TMI;TMI006;50;26.7005;14.5528;12.1477
Example Cup 2024;EXC2024-M29;29;TMA v TMI;TMI;TMI010;35;18.6438;9.2038;9.44
Example Cup 2024;EXC2024-M29;29;TMA v TMI;TMI;TMI005;26;13.5405;7.0984;6.4421
Example Cup 2024;EXC2024-M29;29;TMA v TMI;TMI;TMI023;23;12.3936;5.9008;6.4928
Example Cup 2024;EXC2024-M29;29;TMA v TMI;TMI;TMI018;19;9.5263;4.6199;4.9064
Example Cup 2024;EXC2024-M30;30;TME v TMM;TME;TME012;53;28.9221;14.3842;14.5379
Example Cup 2024;EXC2024-M30;30;TME v TMM;TME;TME022;102;55.9537;28.1668;27.7869
Example Cup 2024;EXC2024-M30;30;TME v TMM;TME;TME004;57;30.8798;14.043;16.8368
Example Cup 2024;EXC2024-M30;30;TME v TMM;TME;TME007;102;51.8262;27.1536;24.6726
Example Cup 2024;EXC2024-M30;30;TME v TMM;TME;TME019;102;54.5925;24.5766;30.0159
Example Cup 2024;EXC2024-M30;30;TME v TMM;TME;TME023;102;53.4422;28.144;25.2982
Example Cup 2024;EXC2024-M30;30;TME v TMM;TME;TME013;47;24.9402;13.4798;11.4604
Example Cup 2024;EXC2024-M30;30;TME v TMM;TME;TME010;51;27.4716;14.3125;13.1591
Example Cup 2024;EXC2024-M30;30;TME v TMM;TME;TME009;102;55.9594;26.7271;29.2323
Example Cup 2024;EXC2024-M30;30;TME v TMM;TME;TME021;80;41.0091;21.6035;19.4056
Example Cup 2024;EXC2024-M30;30;TME v TMM;TME;TME001;102;55.3742;29.2558;26.1184
Example Cup 2024;EXC2024-M30;30;TME v TMM;TME;TME005;55;28.1291;14.2641;13.865
Example Cup 2024;EXC2024-M30;30;TME v TMM;TME;TME017;51;26.8457;14.1572;12.6885
Example Cup 2024;EXC2024-M30;30;TME v TMM;TME;TME018;49;25.1961;12.908;12.2881
Example Cup 2024;EXC2024-M30;30;TME v TMM;TME;TME011;45;24.8797;11.8042;13.0755
Example Cup 2024;EXC2024-M30;30;TME v TMM;TME;TME015;22;11.1659;5.707;5.4589
Example Cup 2024;EXC2024-M30;30;TME v TMM;TMM;TMM011;102;53.5533;26.8725;26.6808
Example Cup 2024;EXC2024-M30;30;TME v TMM;TMM;TMM004;85;46.3232;22.5813;23.7419
Example Cup 2024;EXC2024-M30;30;TME v TMM;TMM;TMM017;102;52.179;27.7922;24.3868
Example Cup 2024;EXC2024-M30;30;TME v TMM;TMM;TMM018;102;54.7289;24.9794;29.7495
Example Cup 2024;EXC2024-M30;30;TME v TMM;TMM;TMM016;94;47.5281;26.0725;21.4556
Example Cup 2024;EXC2024-M30;30;TME v TMM;TMM;TMM008;102;52.4028;27.1628;25.24
Example Cup 2024;EXC2024-M30;30;TME v TMM;TMM;TMM001;102;56.8327;31.1958;25.6369
Example Cup 2024;EXC2024-M30;30;TME v TMM;TMM;TMM023;50;26.617;14.3768;12.2402
Example Cup 2024;EXC2024-M30;30;TME v TMM;TMM;TMM021;89;48.6585;23.0221;25.6364
Example Cup 2024;EXC2024-M30;30;TME v TMM;TMM;TMM019;102;53.695;25.7371;27.9579
Example Cup 2024;EXC2024-M30;30;TME v TMM;TMM;TMM006;55;28.6434;14.2656;14.3778
Example Cup 2024;EXC2024-M30;30;TME v TMM;TMM;TMM022;52;27.9566;13.8311;14.1255
Example Cup 2024;EXC2024-M30;30;TME v TMM;TMM;TMM003;47;24.4224;12.003;12.4194
Example Cup 2024;EXC2024-M30;30;TME v TMM;TMM;TMM012;17;8.6076;4.3846;4.223
Example Cup 2024;EXC2024-M30;30;TME v TMM;TMM;TMM014;13;6.8599;3.409;3.4509
Example Cup 2024;EXC2024-M30;30;TME v TMM;TMM;TMM013;8;4.445;2.3596;2.0854
Example Cup 2024;EXC2024-M31;31;TMA v TME;TMA;TMA013;102;55.0365;29.2959;25.7406
Example Cup 2024;EXC2024-M31;31;TMA v TME;TMA;TMA009;102;57.0957;25.7994;31.2963
Example Cup 2024;EXC2024-M31;31;TMA v TME;TMA;TMA002;75;38.48;20.7579;17.7221
Example Cup 2024;EXC2024-M31;31;TMA v TME;TMA;TMA010;72;36.5153;18.6111;17.9042
Example Cup 2024;EXC2024-M31;31;TMA v TME;TMA;TMA012;75;39.3673;18.6327;20.7346
Example Cup 2024;EXC2024-M31;31;TMA v TME;TMA;TMA020;102;56.0967;25.8006;30.2961
Example Cup 2024;EXC2024-M31;31;TMA v TME;TMA;TMA022;70;37.4763;18.82;18.6563
Example Cup 2024;EXC2024-M31;31;TMA v TME;TMA;TMA023;53;27.4485;14.3944;13.0541
Example Cup 2024;EXC2024-M31;31;TMA v TME;TMA;TMA005;102;53.1304;29.2188;23.9116
Example Cup 2024;EXC2024-M31;31;TMA v TME;TMA;TMA001;102;55.2218;25.6638;29.558
Example Cup 2024;EXC2024-M31;31;TMA v TME;TMA;TMA007;102;53.5611;25.5211;28.04
Example Cup 2024;EXC2024-M31;31;TMA v TME;TMA;TMA014;49;26.0323;13.8982;12.1341
Example Cup 2024;EXC2024-M31;31;TMA v TME;TMA;TMA003;32;16.8472;8.4699;8.3773
Example Cup 2024;EXC2024-M31;31;TMA v TME;TMA;TMA004;30;15.3171;7.7296;7.5875
Example Cup 2024;EXC2024-M31;31;TMA v TME;TMA;TMA021;27;14.1573;7.2541;6.9032
Example Cup 2024;EXC2024-M31;31;TMA v TME;TMA;TMA011;27;13.948;6.3549;7.5931
Example Cup 2024;EXC2024-M31;31;TMA v TME;TME;TME022;102;52.1227;23.8114;28.3113
Example Cup 2024;EXC2024-M31;31;TMA v TME;TME;TME003;102;54.1459;27.6956;26.4503
Example Cup 2024;EXC2024-M31;31;TMA v TME;TME;TME017;85;44.3816;21.1788;23.2028
Example Cup 2024;EXC2024-M31;31;TMA v TME;TME;TME019;92;49.5772;23.1363;26.4409
Example Cup 2024;EXC2024-M31;31;TMA v TME;TME;TME016;54;27.0176;13.4134;13.6042
Example Cup 2024;EXC2024-M31;31;TMA v TME;TME;TME010;102;56.1866;30.091;26.0956
Example Cup 2024;EXC2024-M31;31;TMA v TME;TME;TME009;78;42.541;23.1683;19.3727
Example Cup 2024;EXC2024-M31;31;TMA v TME;TME;TME005;102;54.6251;29.6992;24.9259
Example Cup 2024;EXC2024-M31;31;TMA v TME;TME;TME004;102;56.2092;30.1978;26.0114
Example Cup 2024;EXC2024-M31;31;TMA v TME;TME;TME014;55;29.5693;13.7551;15.8142
Example Cup 2024;EXC2024-M31;31;TMA v TME;TME;TME011;102;55.1769;30.239;24.9379
Example Cup 2024;EXC2024-M31;31;TMA v TME;TME;TME020;48;24.5427;13.3099;11.2328
Example Cup 2024;EXC2024-M31;31;TMA v TME;TME;TME023;47;23.6007;12.0102;11.5905
Example Cup 2024;EXC2024-M31;31;TMA v TME;TME;TME015;24;12.7363;5.9518;6.7845
Example Cup 2024;EXC2024-M31;31;TMA v TME;TME;TME018;17;8.7869;4.2591;4.5278
Example Cup 2024;EXC2024-M31;31;TMA v TME;TME;TME021;10;5.1936;2.8368;2.3568
Example Cup 2024;EXC2024-M32;32;TMI v TMM;TMI;TMI007;101;53.5379;28.2735;25.2644
Example Cup 2024;EXC2024-M32;32;TMI v TMM;TMI;TMI014;101;50.7781;23.0374;27.7407
Example Cup 2024;EXC2024-M32;32;TMI v TMM;TMI;TMI009;55;28.208;15.1923;13.0157
Example Cup 2024;EXC2024-M32;32;TMI v TMM;TMI;TMI021;101;54.7559;26.4787;28.2772
Example Cup 2024;EXC2024-M32;32;TMI v TMM;TMI;TMI006;80;41.3494;18.7668;22.5826
Example Cup 2024;EXC2024-M32;32;TMI v TMM;TMI;TMI019;94;50.2763;24.6645;25.6118
Example Cup 2024;EXC2024-M32;32;TMI v TMM;TMI;TMI018;101;52.0395;23.7504;28.2891
Example Cup 2024;EXC2024-M32;32;TMI v TMM;TMI;TMI004;55;29.0633;13.0976;15.9657
Example Cup 2024;EXC2024-M32;32;TMI v TMM;TMI;TMI020;101;51.7008;23.9731;27.7277
Example Cup 2024;EXC2024-M32;32;TMI v TMM;TMI;TMI023;101;54.3201;27.6309;26.6892
Example Cup 2024;EXC2024-M32;32;TMI v TMM;TMI;TMI003;68;36.52;18.4255;18.0945
Example Cup 2024;EXC2024-M32;32;TMI v TMM;TMI;TMI002;46;25.6321;12.673400000000001;12.9587
Example Cup 2024;EXC2024-M32;32;TMI v TMM;TMI;TMI005;46;25.2499;12.4958;12.7541
Example Cup 2024;EXC2024-M32;32;TMI v TMM;TMI;TMI016;33;17.2349;9.2624;7.9725
Example Cup 2024;EXC2024-M32;32;TMI v TMM;TMI;TMI012;21;11.1098;6.1031;5.0067
Example Cup 2024;EXC2024-M32;32;TMI v TMM;TMI;TMI017;7;3.9141;1.9137;2.0004
Example Cup 2024;EXC2024-M32;32;TMI v TMM;TMM;TMM001;101;54.9757;26.8379;28.1378
Example Cup 2024;EXC2024-M32;32;TMI v TMM;TMM;TMM013;85;43.1813;19.9864;23.1949
Example Cup 2024;EXC2024-M32;32;TMI v TMM;TMM;TMM006;95;49.5356;23.2908;26.2448
Example Cup 2024;EXC2024-M32;32;TMI v TMM;TMM;TMM022;84;43.0657;22.184;20.8817
Example Cup 2024;EXC2024-M32;32;TMI v TMM;TMM;TMM008;101;51.7783;24.0853;27.693
Example Cup 2024;EXC2024-M32;32;TMI v TMM;TMM;TMM015;101;52.1445;28.664;23.4805
Example Cup 2024;EXC2024-M32;32;TMI v TMM;TMM;TMM017;101;53.0895;26.4023;26.6872
Example Cup 2024;EXC2024-M32;32;TMI v TMM;TMM;TMM004;91;48.2994;23.593;24.7064
Example Cup 2024;EXC2024-M32;32;TMI v TMM;TMM;TMM011;54;30.1288;13.623;16.5058
Example Cup 2024;EXC2024-M32;32;TMI v TMM;TMM;TMM014;101;50.829;27.2059;23.6231
Example Cup 2024;EXC2024-M32;32;TMI v TMM;TMM;TMM003;101;53.4763;26.2531;27.2232
Example Cup 2024;EXC2024-M32;32;TMI v TMM;TMM;TMM005;47;26.2803;14.4162;11.8641
Example Cup 2024;EXC2024-M32;32;TMI v TMM;TMM;TMM010;17;9.3471;4.9835;4.3636
Example Cup 2024;EXC2024-M32;32;TMI v TMM;TMM;TMM012;16;8.0845;4.0034;4.0811
Example Cup 2024;EXC2024-M32;32;TMI v TMM;TMM;TMM007;10;5.3641;2.8207;2.5434
Example Cup 2024;EXC2024-M32;32;TMI v TMM;TMM;TMM009;6;3.0755;1.5661;1.5094
