date;player_id;team;match_day;training_minutes;match_minutes
2025-02-01;1;team_1;no;64;0
2025-02-02;1;team_1;no;68;0
2025-02-03;1;team_1;no;86;0
2025-02-04;1;team_1;no;71;0
2025-02-05;1;team_1;yes;31;90
2025-02-06;1;team_1;no;87;0
2025-02-07;1;team_1;no;75;0
2025-02-08;1;team_1;no;57;0
2025-02-09;1;team_1;no;63;0
2025-02-10;1;team_1;yes;28;90
2025-02-11;1;team_1;no;82;0
2025-02-12;1;team_1;no;74;0
2025-02-13;1;team_1;no;74;0
2025-02-14;1;team_1;no;71;0
2025-02-15;1;team_1;yes;27;90
2025-02-01;2;team_1;no;88;0
2025-02-02;2;team_1;no;75;0
2025-02-03;2;team_1;no;50;0
2025-02-04;2;team_1;no;77;0
2025-02-05;2;team_1;yes;28;90
2025-02-06;2;team_1;no;59;0
2025-02-07;2;team_1;no;68;0
2025-02-08;2;team_1;no;60;0
2025-02-09;2;team_1;no;63;0
2025-02-10;2;team_1;yes;27;90
2025-02-11;2;team_1;no;53;0
2025-02-12;2;team_1;no;78;0
2025-02-13;2;team_1;no;72;0
2025-02-14;2;team_1;no;59;0
2025-02-15;2;team_1;yes;36;90
2025-02-01;3;team_1;no;74;0
2025-02-02;3;team_1;no;67;0
2025-02-03;3;team_1;no;79;0
2025-02-04;3;team_1;no;79;0
2025-02-05;3;team_1;yes;34;90
2025-02-06;3;team_1;no;77;0
2025-02-07;3;team_1;no;76;0
2025-02-08;3;team_1;no;69;0
2025-02-09;3;team_1;no;67;0
2025-02-10;3;team_1;yes;28;90
2025-02-11;3;team_1;no;63;0
2025-02-12;3;team_1;no;68;0
2025-02-13;3;team_1;no;57;0
2025-02-14;3;team_1;no;92;0
2025-02-15;3;team_1;yes;36;90
2025-02-01;4;team_1;no;59;0
2025-02-02;4;team_1;no;66;0
2025-02-03;4;team_1;no;65;0
2025-02-04;4;team_1;no;78;0
2025-02-05;4;team_1;yes;30;90
2025-02-06;4;team_1;no;73;0
2025-02-07;4;team_1;no;70;0
2025-02-08;4;team_1;no;70;0
2025-02-09;4;team_1;no;84;0
2025-02-10;4;team_1;yes;29;90
2025-02-11;4;team_1;no;85;0
2025-02-12;4;team_1;no;55;0
2025-02-13;4;team_1;no;76;0
2025-02-14;4;team_1;no;71;0
2025-02-15;4;team_1;yes;31;90
2025-02-01;5;team_1;no;74;0
2025-02-02;5;team_1;no;65;0
2025-02-03;5;team_1;no;67;0
2025-02-04;5;team_1;no;60;0
2025-02-05;5;team_1;yes;25;90
2025-02-06;5;team_1;no;73;0
2025-02-07;5;team_1;no;74;0
2025-02-08;5;team_1;no;71;0
2025-02-09;5;team_1;no;79;0
2025-02-10;5;team_1;yes;40;90
2025-02-11;5;team_1;no;65;0
2025-02-12;5;team_1;no;47;0
2025-02-13;5;team_1;no;80;0
2025-02-14;5;team_1;no;63;0
2025-02-15;5;team_1;yes;27;90
2025-02-01;6;team_1;no;80;0
2025-02-02;6;team_1;no;67;0
2025-02-03;6;team_1;no;58;0
2025-02-04;6;team_1;no;72;0
2025-02-05;6;team_1;yes;29;90
2025-02-06;6;team_1;no;70;0
2025-02-07;6;team_1;no;74;0
2025-02-08;6;team_1;no;66;0
2025-02-09;6;team_1;no;76;0
2025-02-10;6;team_1;yes;29;90
2025-02-11;6;team_1;no;73;0
2025-02-12;6;team_1;no;81;0
2025-02-13;6;team_1;no;74;0
2025-02-14;6;team_1;no;67;0
2025-02-15;6;team_1;yes;36;90
2025-02-01;7;team_1;no;80;0
2025-02-02;7;team_1;no;75;0
2025-02-03;7;team_1;no;72;0
2025-02-04;7;team_1;no;64;0
2025-02-05;7;team_1;yes;37;90
2025-02-06;7;team_1;no;64;0
2025-02-07;7;team_1;no;92;0
2025-02-08;7;team_1;no;85;0
2025-02-09;7;team_1;no;68;0
2025-02-10;7;team_1;yes;25;90
2025-02-11;7;team_1;no;63;0
2025-02-12;7;team_1;no;73;0
2025-02-13;7;team_1;no;68;0
2025-02-14;7;team_1;no;67;0
2025-02-15;7;team_1;yes;25;90
2025-02-01;8;team_1;no;70;0
2025-02-02;8;team_1;no;62;0
2025-02-03;8;team_1;no;53;0
2025-02-04;8;team_1;no;66;0
2025-02-05;8;team_1;yes;35;90
2025-02-06;8;team_1;no;64;0
2025-02-07;8;team_1;no;76;0
2025-02-08;8;team_1;no;54;0
2025-02-09;8;team_1;no;69;0
2025-02-10;8;team_1;yes;33;90
2025-02-11;8;team_1;no;73;0
2025-02-12;8;team_1;no;71;0
2025-02-13;8;team_1;no;64;0
2025-02-14;8;team_1;no;62;0
2025-02-15;8;team_1;yes;25;90
2025-02-01;9;team_1;no;71;0
2025-02-02;9;team_1;no;61;0
2025-02-03;9;team_1;no;65;0
2025-02-04;9;team_1;no;67;0
2025-02-05;9;team_1;yes;39;90
2025-02-06;9;team_1;no;63;0
2025-02-07;9;team_1;no;72;0
2025-02-08;9;team_1;no;71;0
2025-02-09;9;team_1;no;60;0
2025-02-10;9;team_1;yes;30;90
2025-02-11;9;team_1;no;84;0
2025-02-12;9;team_1;no;75;0
2025-02-13;9;team_1;no;70;0
2025-02-14;9;team_1;no;66;0
2025-02-15;9;team_1;yes;20;90
2025-02-01;10;team_1;no;81;0
2025-02-02;10;team_1;no;55;0
2025-02-03;10;team_1;no;77;0
2025-02-04;10;team_1;no;89;0
2025-02-05;10;team_1;yes;23;90
2025-02-06;10;team_1;no;77;0
2025-02-07;10;team_1;no;67;0
2025-02-08;10;team_1;no;54;0
2025-02-09;10;team_1;no;55;0
2025-02-10;10;team_1;yes;22;90
2025-02-11;10;team_1;no;65;0
2025-02-12;10;team_1;no;55;0
2025-02-13;10;team_1;no;77;0
2025-02-14;10;team_1;no;91;0
2025-02-15;10;team_1;yes;24;90
2025-02-01;11;team_2;no;78;0
2025-02-02;11;team_2;no;78;0
2025-02-03;11;team_2;no;73;0
2025-02-04;11;team_2;no;60;0
2025-02-05;11;team_2;yes;29;90
2025-02-06;11;team_2;no;67;0
2025-02-07;11;team_2;no;76;0
2025-02-08;11;team_2;no;66;0
2025-02-09;11;team_2;no;80;0
2025-02-10;11;team_2;yes;28;90
2025-02-11;11;team_2;no;81;0
2025-02-12;11;team_2;no;60;0
2025-02-13;11;team_2;no;57;0
2025-02-14;11;team_2;no;102;0
2025-02-15;11;team_2;yes;28;90
2025-02-01;12;team_2;no;73;0
2025-02-02;12;team_2;no;76;0
2025-02-03;12;team_2;no;65;0
2025-02-04;12;team_2;no;75;0
2025-02-05;12;team_2;yes;32;90
2025-02-06;12;team_2;no;68;0
2025-02-07;12;team_2;no;71;0
2025-02-08;12;team_2;no;70;0
2025-02-09;12;team_2;no;91;0
2025-02-10;12;team_2;yes;26;90
2025-02-11;12;team_2;no;59;0
2025-02-12;12;team_2;no;70;0
2025-02-13;12;team_2;no;73;0
2025-02-14;12;team_2;no;74;0
2025-02-15;12;team_2;yes;28;90
2025-02-01;13;team_2;no;59;0
2025-02-02;13;team_2;no;83;0
2025-02-03;13;team_2;no;67;0
2025-02-04;13;team_2;no;61;0
2025-02-05;13;team_2;yes;29;90
2025-02-06;13;team_2;no;68;0
2025-02-07;13;team_2;no;81;0
2025-02-08;13;team_2;no;71;0
2025-02-09;13;team_2;no;78;0
2025-02-10;13;team_2;yes;28;90
2025-02-11;13;team_2;no;72;0
2025-02-12;13;team_2;no;67;0
2025-02-13;13;team_2;no;71;0
2025-02-14;13;team_2;no;61;0
2025-02-15;13;team_2;yes;23;90
2025-02-01;14;team_2;no;90;0
2025-02-02;14;team_2;no;76;0
2025-02-03;14;team_2;no;57;0
2025-02-04;14;team_2;no;64;0
2025-02-05;14;team_2;yes;24;90
2025-02-06;14;team_2;no;92;0
2025-02-07;14;team_2;no;83;0
2025-02-08;14;team_2;no;67;0
2025-02-09;14;team_2;no;75;0
2025-02-10;14;team_2;yes;28;90
2025-02-11;14;team_2;no;65;0
2025-02-12;14;team_2;no;62;0
2025-02-13;14;team_2;no;64;0
2025-02-14;14;team_2;no;87;0
2025-02-15;14;team_2;yes;30;90
2025-02-01;15;team_2;no;71;0
2025-02-02;15;team_2;no;72;0
2025-02-03;15;team_2;no;82;0
2025-02-04;15;team_2;no;65;0
2025-02-05;15;team_2;yes;25;90
2025-02-06;15;team_2;no;87;0
2025-02-07;15;team_2;no;66;0
2025-02-08;15;team_2;no;63;0
2025-02-09;15;team_2;no;58;0
2025-02-10;15;team_2;yes;24;90
2025-02-11;15;team_2;no;64;0
2025-02-12;15;team_2;no;76;0
2025-02-13;15;team_2;no;81;0
2025-02-14;15;team_2;no;77;0
2025-02-15;15;team_2;yes;28;90
2025-02-01;16;team_2;no;71;0
2025-02-02;16;team_2;no;63;0
2025-02-03;16;team_2;no;63;0
2025-02-04;16;team_2;no;79;0
2025-02-05;16;team_2;yes;25;90
2025-02-06;16;team_2;no;90;0
2025-02-07;16;team_2;no;69;0
2025-02-08;16;team_2;no;72;0
2025-02-09;16;team_2;no;63;0
2025-02-10;16;team_2;yes;27;90
2025-02-11;16;team_2;no;57;0
2025-02-12;16;team_2;no;68;0
2025-02-13;16;team_2;no;74;0
2025-02-14;16;team_2;no;73;0
2025-02-15;16;team_2;yes;26;90
2025-02-01;17;team_2;no;62;0
2025-02-02;17;team_2;no;65;0
2025-02-03;17;team_2;no;85;0
2025-02-04;17;team_2;no;59;0
2025-02-05;17;team_2;yes;29;90
2025-02-06;17;team_2;no;89;0
2025-02-07;17;team_2;no;69;0
2025-02-08;17;team_2;no;56;0
2025-02-09;17;team_2;no;63;0
2025-02-10;17;team_2;yes;32;90
2025-02-11;17;team_2;no;66;0
2025-02-12;17;team_2;no;64;0
2025-02-13;17;team_2;no;67;0
2025-02-14;17;team_2;no;71;0
2025-02-15;17;team_2;yes;38;90
2025-02-01;18;team_2;no;69;0
2025-02-02;18;team_2;no;81;0
2025-02-03;18;team_2;no;76;0
2025-02-04;18;team_2;no;69;0
2025-02-05;18;team_2;yes;22;90
2025-02-06;18;team_2;no;65;0
2025-02-07;18;team_2;no;65;0
2025-02-08;18;team_2;no;70;0
2025-02-09;18;team_2;no;83;0
2025-02-10;18;team_2;yes;41;90
2025-02-11;18;team_2;no;85;0
2025-02-12;18;team_2;no;69;0
2025-02-13;18;team_2;no;52;0
2025-02-14;18;team_2;no;66;0
2025-02-15;18;team_2;yes;30;90
2025-02-01;19;team_2;no;78;0
2025-02-02;19;team_2;no;80;0
2025-02-03;19;team_2;no;77;0
2025-02-04;19;team_2;no;56;0
2025-02-05;19;team_2;yes;34;90
2025-02-06;19;team_2;no;66;0
2025-02-07;19;team_2;no;72;0
2025-02-08;19;team_2;no;71;0
2025-02-09;19;team_2;no;74;0
2025-02-10;19;team_2;yes;30;90
2025-02-11;19;team_2;no;53;0
2025-02-12;19;team_2;no;77;0
2025-02-13;19;team_2;no;74;0
2025-02-14;19;team_2;no;67;0
2025-02-15;19;team_2;yes;31;90
2025-02-01;20;team_2;no;71;0
2025-02-02;20;team_2;no;72;0
2025-02-03;20;team_2;no;86;0
2025-02-04;20;team_2;no;68;0
2025-02-05;20;team_2;yes;31;90
2025-02-06;20;team_2;no;82;0
2025-02-07;20;team_2;no;81;0
2025-02-08;20;team_2;no;81;0
2025-02-09;20;team_2;no;64;0
2025-02-10;20;team_2;yes;40;90
2025-02-11;20;team_2;no;71;0
2025-02-12;20;team_2;no;89;0
2025-02-13;20;team_2;no;56;0
2025-02-14;20;team_2;no;70;0
2025-02-15;20;team_2;yes;36;90
2025-02-01;21;team_3;no;63;0
2025-02-02;21;team_3;no;62;0
2025-02-03;21;team_3;no;61;0
2025-02-04;21;team_3;no;59;0
2025-02-05;21;team_3;yes;28;90
2025-02-06;21;team_3;no;73;0
2025-02-07;21;team_3;no;50;0
2025-02-08;21;team_3;no;72;0
2025-02-09;21;team_3;no;82;0
2025-02-10;21;team_3;yes;40;90
2025-02-11;21;team_3;no;83;0
2025-02-12;21;team_3;no;78;0
2025-02-13;21;team_3;no;53;0
2025-02-14;21;team_3;no;64;0
2025-02-15;21;team_3;yes;28;90
2025-02-01;22;team_3;no;77;0
2025-02-02;22;team_3;no;69;0
2025-02-03;22;team_3;no;57;0
2025-02-04;22;team_3;no;87;0
2025-02-05;22;team_3;yes;35;90
2025-02-06;22;team_3;no;72;0
2025-02-07;22;team_3;no;82;0
2025-02-08;22;team_3;no;57;0
2025-02-09;22;team_3;no;77;0
2025-02-10;22;team_3;yes;27;90
2025-02-11;22;team_3;no;77;0
2025-02-12;22;team_3;no;69;0
2025-02-13;22;team_3;no;76;0
2025-02-14;22;team_3;no;83;0
2025-02-15;22;team_3;yes;30;90
2025-02-01;23;team_3;no;80;0
2025-02-02;23;team_3;no;58;0
2025-02-03;23;team_3;no;63;0
2025-02-04;23;team_3;no;85;0
2025-02-05;23;team_3;yes;32;90
2025-02-06;23;team_3;no;49;0
2025-02-07;23;team_3;no;56;0
2025-02-08;23;team_3;no;68;0
2025-02-09;23;team_3;no;79;0
2025-02-10;23;team_3;yes;29;90
2025-02-11;23;team_3;no;76;0
2025-02-12;23;team_3;no;80;0
2025-02-13;23;team_3;no;87;0
2025-02-14;23;team_3;no;71;0
2025-02-15;23;team_3;yes;30;90
2025-02-01;24;team_3;no;52;0
2025-02-02;24;team_3;no;71;0
2025-02-03;24;team_3;no;64;0
2025-02-04;24;team_3;no;60;0
2025-02-05;24;team_3;yes;29;90
2025-02-06;24;team_3;no;80;0
2025-02-07;24;team_3;no;50;0
2025-02-08;24;team_3;no;66;0
2025-02-09;24;team_3;no;71;0
2025-02-10;24;team_3;yes;26;90
2025-02-11;24;team_3;no;73;0
2025-02-12;24;team_3;no;74;0
2025-02-13;24;team_3;no;70;0
2025-02-14;24;team_3;no;45;0
2025-02-15;24;team_3;yes;43;90
2025-02-01;25;team_3;no;68;0
2025-02-02;25;team_3;no;77;0
2025-02-03;25;team_3;no;73;0
2025-02-04;25;team_3;no;80;0
2025-02-05;25;team_3;yes;34;90
2025-02-06;25;team_3;no;68;0
2025-02-07;25;team_3;no;74;0
2025-02-08;25;team_3;no;61;0
2025-02-09;25;team_3;no;79;0
2025-02-10;25;team_3;yes;28;90
2025-02-11;25;team_3;no;94;0
2025-02-12;25;team_3;no;53;0
2025-02-13;25;team_3;no;65;0
2025-02-14;25;team_3;no;78;0
2025-02-15;25;team_3;yes;33;90
2025-02-01;26;team_3;no;64;0
2025-02-02;26;team_3;no;60;0
2025-02-03;26;team_3;no;71;0
2025-02-04;26;team_3;no;70;0
2025-02-05;26;team_3;yes;21;90
2025-02-06;26;team_3;no;70;0
2025-02-07;26;team_3;no;72;0
2025-02-08;26;team_3;no;72;0
2025-02-09;26;team_3;no;59;0
2025-02-10;26;team_3;yes;32;90
2025-02-11;26;team_3;no;84;0
2025-02-12;26;team_3;no;75;0
2025-02-13;26;team_3;no;59;0
2025-02-14;26;team_3;no;66;0
2025-02-15;26;team_3;yes;32;90
2025-02-01;27;team_3;no;64;0
2025-02-02;27;team_3;no;48;0
2025-02-03;27;team_3;no;79;0
2025-02-04;27;team_3;no;62;0
2025-02-05;27;team_3;yes;27;90
2025-02-06;27;team_3;no;85;0
2025-02-07;27;team_3;no;62;0
2025-02-08;27;team_3;no;78;0
2025-02-09;27;team_3;no;57;0
2025-02-10;27;team_3;yes;28;90
2025-02-11;27;team_3;no;69;0
2025-02-12;27;team_3;no;58;0
2025-02-13;27;team_3;no;64;0
2025-02-14;27;team_3;no;70;0
2025-02-15;27;team_3;yes;33;90
2025-02-01;28;team_3;no;53;0
2025-02-02;28;team_3;no;67;0
2025-02-03;28;team_3;no;78;0
2025-02-04;28;team_3;no;65;0
2025-02-05;28;team_3;yes;31;90
2025-02-06;28;team_3;no;75;0
2025-02-07;28;team_3;no;73;0
2025-02-08;28;team_3;no;77;0
2025-02-09;28;team_3;no;69;0
2025-02-10;28;team_3;yes;28;90
2025-02-11;28;team_3;no;44;0
2025-02-12;28;team_3;no;69;0
2025-02-13;28;team_3;no;74;0
2025-02-14;28;team_3;no;75;0
2025-02-15;28;team_3;yes;27;90
2025-02-01;29;team_3;no;88;0
2025-02-02;29;team_3;no;73;0
2025-02-03;29;team_3;no;71;0
2025-02-04;29;team_3;no;83;0
2025-02-05;29;team_3;yes;26;90
2025-02-06;29;team_3;no;65;0
2025-02-07;29;team_3;no;94;0
2025-02-08;29;team_3;no;70;0
2025-02-09;29;team_3;no;86;0
2025-02-10;29;team_3;yes;23;90
2025-02-11;29;team_3;no;68;0
2025-02-12;29;team_3;no;74;0
2025-02-13;29;team_3;no;73;0
2025-02-14;29;team_3;no;60;0
2025-02-15;29;team_3;yes;30;90
2025-02-01;30;team_3;no;59;0
2025-02-02;30;team_3;no;77;0
2025-02-03;30;team_3;no;81;0
2025-02-04;30;team_3;no;48;0
2025-02-05;30;team_3;yes;36;90
2025-02-06;30;team_3;no;58;0
2025-02-07;30;team_3;no;75;0
2025-02-08;30;team_3;no;77;0
2025-02-09;30;team_3;no;68;0
2025-02-10;30;team_3;yes;27;90
2025-02-11;30;team_3;no;72;0
2025-02-12;30;team_3;no;74;0
2025-02-13;30;team_3;no;79;0
2025-02-14;30;team_3;no;49;0
2025-02-15;30;team_3;yes;22;90
2025-02-01;31;team_4;no;84;0
2025-02-02;31;team_4;no;80;0
2025-02-03;31;team_4;no;74;0
2025-02-04;31;team_4;no;77;0
2025-02-05;31;team_4;yes;35;90
2025-02-06;31;team_4;no;43;0
2025-02-07;31;team_4;no;81;0
2025-02-08;31;team_4;no;65;0
2025-02-09;31;team_4;no;72;0
2025-02-10;31;team_4;yes;29;90
2025-02-11;31;team_4;no;79;0
2025-02-12;31;team_4;no;67;0
2025-02-13;31;team_4;no;75;0
2025-02-14;31;team_4;no;66;0
2025-02-15;31;team_4;yes;25;90
2025-02-01;32;team_4;no;82;0
2025-02-02;32;team_4;no;77;0
2025-02-03;32;team_4;no;87;0
2025-02-04;32;team_4;no;71;0
2025-02-05;32;team_4;yes;36;90
2025-02-06;32;team_4;no;90;0
2025-02-07;32;team_4;no;67;0
2025-02-08;32;team_4;no;57;0
2025-02-09;32;team_4;no;68;0
2025-02-10;32;team_4;yes;29;90
2025-02-11;32;team_4;no;72;0
2025-02-12;32;team_4;no;87;0
2025-02-13;32;team_4;no;67;0
2025-02-14;32;team_4;no;74;0
2025-02-15;32;team_4;yes;29;90
2025-02-01;33;team_4;no;70;0
2025-02-02;33;team_4;no;73;0
2025-02-03;33;team_4;no;83;0
2025-02-04;33;team_4;no;71;0
2025-02-05;33;team_4;yes;34;90
2025-02-06;33;team_4;no;78;0
2025-02-07;33;team_4;no;79;0
2025-02-08;33;team_4;no;64;0
2025-02-09;33;team_4;no;86;0
2025-02-10;33;team_4;yes;28;90
2025-02-11;33;team_4;no;69;0
2025-02-12;33;team_4;no;84;0
2025-02-13;33;team_4;no;83;0
2025-02-14;33;team_4;no;59;0
2025-02-15;33;team_4;yes;26;90
2025-02-01;34;team_4;no;56;0
2025-02-02;34;team_4;no;72;0
2025-02-03;34;team_4;no;72;0
2025-02-04;34;team_4;no;74;0
2025-02-05;34;team_4;yes;33;90
2025-02-06;34;team_4;no;64;0
2025-02-07;34;team_4;no;60;0
2025-02-08;34;team_4;no;80;0
2025-02-09;34;team_4;no;78;0
2025-02-10;34;team_4;yes;22;90
2025-02-11;34;team_4;no;69;0
2025-02-12;34;team_4;no;61;0
2025-02-13;34;team_4;no;49;0
2025-02-14;34;team_4;no;72;0
2025-02-15;34;team_4;yes;30;90
2025-02-01;35;team_4;no;69;0
2025-02-02;35;team_4;no;72;0
2025-02-03;35;team_4;no;79;0
2025-02-04;35;team_4;no;72;0
2025-02-05;35;team_4;yes;27;90
2025-02-06;35;team_4;no;63;0
2025-02-07;35;team_4;no;69;0
2025-02-08;35;team_4;no;73;0
2025-02-09;35;team_4;no;60;0
2025-02-10;35;team_4;yes;29;90
2025-02-11;35;team_4;no;80;0
2025-02-12;35;team_4;no;69;0
2025-02-13;35;team_4;no;63;0
2025-02-14;35;team_4;no;67;0
2025-02-15;35;team_4;yes;36;90
2025-02-01;36;team_4;no;76;0
2025-02-02;36;team_4;no;82;0
2025-02-03;36;team_4;no;71;0
2025-02-04;36;team_4;no;74;0
2025-02-05;36;team_4;yes;27;90
2025-02-06;36;team_4;no;76;0
2025-02-07;36;team_4;no;65;0
2025-02-08;36;team_4;no;56;0
2025-02-09;36;team_4;no;71;0
2025-02-10;36;team_4;yes;40;90
2025-02-11;36;team_4;no;78;0
2025-02-12;36;team_4;no;82;0
2025-02-13;36;team_4;no;74;0
2025-02-14;36;team_4;no;64;0
2025-02-15;36;team_4;yes;29;90
2025-02-01;37;team_4;no;67;0
2025-02-02;37;team_4;no;65;0
2025-02-03;37;team_4;no;77;0
2025-02-04;37;team_4;no;58;0
2025-02-05;37;team_4;yes;34;90
2025-02-06;37;team_4;no;79;0
2025-02-07;37;team_4;no;58;0
2025-02-08;37;team_4;no;76;0
2025-02-09;37;team_4;no;94;0
2025-02-10;37;team_4;yes;27;90
2025-02-11;37;team_4;no;78;0
2025-02-12;37;team_4;no;62;0
2025-02-13;37;team_4;no;81;0
2025-02-14;37;team_4;no;72;0
2025-02-15;37;team_4;yes;38;90
2025-02-01;38;team_4;no;55;0
2025-02-02;38;team_4;no;69;0
2025-02-03;38;team_4;no;65;0
2025-02-04;38;team_4;no;68;0
2025-02-05;38;team_4;yes;27;90
2025-02-06;38;team_4;no;62;0
2025-02-07;38;team_4;no;76;0
2025-02-08;38;team_4;no;59;0
2025-02-09;38;team_4;no;85;0
2025-02-10;38;team_4;yes;24;90
2025-02-11;38;team_4;no;71;0
2025-02-12;38;team_4;no;75;0
2025-02-13;38;team_4;no;76;0
2025-02-14;38;team_4;no;67;0
2025-02-15;38;team_4;yes;30;90
2025-02-01;39;team_4;no;80;0
2025-02-02;39;team_4;no;55;0
2025-02-03;39;team_4;no;62;0
2025-02-04;39;team_4;no;73;0
2025-02-05;39;team_4;yes;28;90
2025-02-06;39;team_4;no;84;0
2025-02-07;39;team_4;no;77;0
2025-02-08;39;team_4;no;71;0
2025-02-09;39;team_4;no;55;0
2025-02-10;39;team_4;yes;30;90
2025-02-11;39;team_4;no;67;0
2025-02-12;39;team_4;no;69;0
2025-02-13;39;team_4;no;58;0
2025-02-14;39;team_4;no;75;0
2025-02-15;39;team_4;yes;25;90
2025-02-01;40;team_4;no;68;0
2025-02-02;40;team_4;no;74;0
2025-02-03;40;team_4;no;62;0
2025-02-04;40;team_4;no;76;0
2025-02-05;40;team_4;yes;23;90
2025-02-06;40;team_4;no;42;0
2025-02-07;40;team_4;no;75;0
2025-02-08;40;team_4;no;78;0
2025-02-09;40;team_4;no;67;0
2025-02-10;40;team_4;yes;33;90
2025-02-11;40;team_4;no;58;0
2025-02-12;40;team_4;no;69;0
2025-02-13;40;team_4;no;51;0
2025-02-14;40;team_4;no;82;0
2025-02-15;40;team_4;yes;39;90
2025-02-01;41;team_5;no;81;0
2025-02-02;41;team_5;no;70;0
2025-02-03;41;team_5;no;70;0
2025-02-04;41;team_5;no;55;0
2025-02-05;41;team_5;yes;34;90
2025-02-06;41;team_5;no;68;0
2025-02-07;41;team_5;no;63;0
2025-02-08;41;team_5;no;56;0
2025-02-09;41;team_5;no;67;0
2025-02-10;41;team_5;yes;26;90
2025-02-11;41;team_5;no;66;0
2025-02-12;41;team_5;no;58;0
2025-02-13;41;team_5;no;87;0
2025-02-14;41;team_5;no;70;0
2025-02-15;41;team_5;yes;35;90
2025-02-01;42;team_5;no;44;0
2025-02-02;42;team_5;no;65;0
2025-02-03;42;team_5;no;63;0
2025-02-04;42;team_5;no;58;0
2025-02-05;42;team_5;yes;38;90
2025-02-06;42;team_5;no;56;0
2025-02-07;42;team_5;no;73;0
2025-02-08;42;team_5;no;78;0
2025-02-09;42;team_5;no;72;0
2025-02-10;42;team_5;yes;26;90
2025-02-11;42;team_5;no;79;0
2025-02-12;42;team_5;no;72;0
2025-02-13;42;team_5;no;59;0
2025-02-14;42;team_5;no;56;0
2025-02-15;42;team_5;yes;40;90
2025-02-01;43;team_5;no;63;0
2025-02-02;43;team_5;no;51;0
2025-02-03;43;team_5;no;75;0
2025-02-04;43;team_5;no;73;0
2025-02-05;43;team_5;yes;23;90
2025-02-06;43;team_5;no;51;0
2025-02-07;43;team_5;no;69;0
2025-02-08;43;team_5;no;81;0
2025-02-09;43;team_5;no;76;0
2025-02-10;43;team_5;yes;28;90
2025-02-11;43;team_5;no;62;0
2025-02-12;43;team_5;no;73;0
2025-02-13;43;team_5;no;72;0
2025-02-14;43;team_5;no;76;0
2025-02-15;43;team_5;yes;28;90
2025-02-01;44;team_5;no;79;0
2025-02-02;44;team_5;no;62;0
2025-02-03;44;team_5;no;67;0
2025-02-04;44;team_5;no;77;0
2025-02-05;44;team_5;yes;35;90
2025-02-06;44;team_5;no;51;0
2025-02-07;44;team_5;no;71;0
2025-02-08;44;team_5;no;76;0
2025-02-09;44;team_5;no;55;0
2025-02-10;44;team_5;yes;32;90
2025-02-11;44;team_5;no;62;0
2025-02-12;44;team_5;no;80;0
2025-02-13;44;team_5;no;75;0
2025-02-14;44;team_5;no;78;0
2025-02-15;44;team_5;yes;31;90
2025-02-01;45;team_5;no;79;0
2025-02-02;45;team_5;no;84;0
2025-02-03;45;team_5;no;90;0
2025-02-04;45;team_5;no;70;0
2025-02-05;45;team_5;yes;19;90
2025-02-06;45;team_5;no;70;0
2025-02-07;45;team_5;no;72;0
2025-02-08;45;team_5;no;68;0
2025-02-09;45;team_5;no;76;0
2025-02-10;45;team_5;yes;35;90
2025-02-11;45;team_5;no;65;0
2025-02-12;45;team_5;no;67;0
2025-02-13;45;team_5;no;74;0
2025-02-14;45;team_5;no;64;0
2025-02-15;45;team_5;yes;30;90
2025-02-01;46;team_5;no;50;0
2025-02-02;46;team_5;no;59;0
2025-02-03;46;team_5;no;57;0
2025-02-04;46;team_5;no;61;0
2025-02-05;46;team_5;yes;27;90
2025-02-06;46;team_5;no;74;0
2025-02-07;46;team_5;no;80;0
2025-02-08;46;team_5;no;63;0
2025-02-09;46;team_5;no;60;0
2025-02-10;46;team_5;yes;25;90
2025-02-11;46;team_5;no;66;0
2025-02-12;46;team_5;no;68;0
2025-02-13;46;team_5;no;75;0
2025-02-14;46;team_5;no;67;0
2025-02-15;46;team_5;yes;20;90
2025-02-01;47;team_5;no;69;0
2025-02-02;47;team_5;no;82;0
2025-02-03;47;team_5;no;82;0
2025-02-04;47;team_5;no;62;0
2025-02-05;47;team_5;yes;22;90
2025-02-06;47;team_5;no;95;0
2025-02-07;47;team_5;no;68;0
2025-02-08;47;team_5;no;69;0
2025-02-09;47;team_5;no;74;0
2025-02-10;47;team_5;yes;22;90
2025-02-11;47;team_5;no;63;0
2025-02-12;47;team_5;no;55;0
2025-02-13;47;team_5;no;63;0
2025-02-14;47;team_5;no;71;0
2025-02-15;47;team_5;yes;23;90
2025-02-01;48;team_5;no;76;0
2025-02-02;48;team_5;no;73;0
2025-02-03;48;team_5;no;61;0
2025-02-04;48;team_5;no;72;0
2025-02-05;48;team_5;yes;34;90
2025-02-06;48;team_5;no;81;0
2025-02-07;48;team_5;no;68;0
2025-02-08;48;team_5;no;69;0
2025-02-09;48;team_5;no;69;0
2025-02-10;48;team_5;yes;37;90
2025-02-11;48;team_5;no;81;0
2025-02-12;48;team_5;no;78;0
2025-02-13;48;team_5;no;67;0
2025-02-14;48;team_5;no;74;0
2025-02-15;48;team_5;yes;32;90
2025-02-01;49;team_5;no;60;0
2025-02-02;49;team_5;no;53;0
2025-02-03;49;team_5;no;76;0
2025-02-04;49;team_5;no;55;0
2025-02-05;49;team_5;yes;30;90
2025-02-06;49;team_5;no;73;0
2025-02-07;49;team_5;no;76;0
2025-02-08;49;team_5;no;72;0
2025-02-09;49;team_5;no;63;0
2025-02-10;49;team_5;yes;35;90
2025-02-11;49;team_5;no;87;0
2025-02-12;49;team_5;no;79;0
2025-02-13;49;team_5;no;51;0
2025-02-14;49;team_5;no;84;0
2025-02-15;49;team_5;yes;30;90
2025-02-01;50;team_5;no;75;0
2025-02-02;50;team_5;no;76;0
2025-02-03;50;team_5;no;69;0
2025-02-04;50;team_5;no;69;0
2025-02-05;50;team_5;yes;35;90
2025-02-06;50;team_5;no;77;0
2025-02-07;50;team_5;no;80;0
2025-02-08;50;team_5;no;94;0
2025-02-09;50;team_5;no;77;0
2025-02-10;50;team_5;yes;31;90
2025-02-11;50;team_5;no;48;0
2025-02-12;50;team_5;no;97;0
2025-02-13;50;team_5;no;65;0
2025-02-14;50;team_5;no;94;0
2025-02-15;50;team_5;yes;32;90
2025-02-01;51;team_6;no;85;0
2025-02-02;51;team_6;no;69;0
2025-02-03;51;team_6;no;75;0
2025-02-04;51;team_6;no;72;0
2025-02-05;51;team_6;yes;29;90
2025-02-06;51;team_6;no;69;0
2025-02-07;51;team_6;no;80;0
2025-02-08;51;team_6;no;68;0
2025-02-09;51;team_6;no;50;0
2025-02-10;51;team_6;yes;29;90
2025-02-11;51;team_6;no;75;0
2025-02-12;51;team_6;no;76;0
2025-02-13;51;team_6;no;76;0
2025-02-14;51;team_6;no;53;0
2025-02-15;51;team_6;yes;32;90
2025-02-01;52;team_6;no;80;0
2025-02-02;52;team_6;no;83;0
2025-02-03;52;team_6;no;68;0
2025-02-04;52;team_6;no;67;0
2025-02-05;52;team_6;yes;37;90
2025-02-06;52;team_6;no;53;0
2025-02-07;52;team_6;no;66;0
2025-02-08;52;team_6;no;75;0
2025-02-09;52;team_6;no;54;0
2025-02-10;52;team_6;yes;31;90
2025-02-11;52;team_6;no;89;0
2025-02-12;52;team_6;no;70;0
2025-02-13;52;team_6;no;67;0
2025-02-14;52;team_6;no;75;0
2025-02-15;52;team_6;yes;29;90
2025-02-01;53;team_6;no;78;0
2025-02-02;53;team_6;no;79;0
2025-02-03;53;team_6;no;70;0
2025-02-04;53;team_6;no;58;0
2025-02-05;53;team_6;yes;23;90
2025-02-06;53;team_6;no;64;0
2025-02-07;53;team_6;no;78;0
2025-02-08;53;team_6;no;50;0
2025-02-09;53;team_6;no;51;0
2025-02-10;53;team_6;yes;27;90
2025-02-11;53;team_6;no;74;0
2025-02-12;53;team_6;no;61;0
2025-02-13;53;team_6;no;79;0
2025-02-14;53;team_6;no;73;0
2025-02-15;53;team_6;yes;29;90
2025-02-01;54;team_6;no;78;0
2025-02-02;54;team_6;no;74;0
2025-02-03;54;team_6;no;66;0
2025-02-04;54;team_6;no;72;0
2025-02-05;54;team_6;yes;33;90
2025-02-06;54;team_6;no;74;0
2025-02-07;54;team_6;no;63;0
2025-02-08;54;team_6;no;79;0
2025-02-09;54;team_6;no;82;0
2025-02-10;54;team_6;yes;31;90
2025-02-11;54;team_6;no;71;0
2025-02-12;54;team_6;no;69;0
2025-02-13;54;team_6;no;92;0
2025-02-14;54;team_6;no;73;0
2025-02-15;54;team_6;yes;29;90
2025-02-01;55;team_6;no;45;0
2025-02-02;55;team_6;no;54;0
2025-02-03;55;team_6;no;69;0
2025-02-04;55;team_6;no;72;0
2025-02-05;55;team_6;yes;31;90
2025-02-06;55;team_6;no;78;0
2025-02-07;55;team_6;no;68;0
2025-02-08;55;team_6;no;82;0
2025-02-09;55;team_6;no;61;0
2025-02-10;55;team_6;yes;24;90
2025-02-11;55;team_6;no;58;0
2025-02-12;55;team_6;no;77;0
2025-02-13;55;team_6;no;69;0
2025-02-14;55;team_6;no;78;0
2025-02-15;55;team_6;yes;29;90
2025-02-01;56;team_6;no;64;0
2025-02-02;56;team_6;no;66;0
2025-02-03;56;team_6;no;51;0
2025-02-04;56;team_6;no;58;0
2025-02-05;56;team_6;yes;23;90
2025-02-06;56;team_6;no;81;0
2025-02-07;56;team_6;no;64;0
2025-02-08;56;team_6;no;78;0
2025-02-09;56;team_6;no;85;0
2025-02-10;56;team_6;yes;29;90
2025-02-11;56;team_6;no;73;0
2025-02-12;56;team_6;no;52;0
2025-02-13;56;team_6;no;62;0
2025-02-14;56;team_6;no;71;0
2025-02-15;56;team_6;yes;31;90
2025-02-01;57;team_6;no;62;0
2025-02-02;57;team_6;no;97;0
2025-02-03;57;team_6;no;65;0
2025-02-04;57;team_6;no;71;0
2025-02-05;57;team_6;yes;33;90
2025-02-06;57;team_6;no;70;0
2025-02-07;57;team_6;no;64;0
2025-02-08;57;team_6;no;80;0
2025-02-09;57;team_6;no;86;0
2025-02-10;57;team_6;yes;30;90
2025-02-11;57;team_6;no;76;0
2025-02-12;57;team_6;no;69;0
2025-02-13;57;team_6;no;80;0
2025-02-14;57;team_6;no;58;0
2025-02-15;57;team_6;yes;42;90
2025-02-01;58;team_6;no;64;0
2025-02-02;58;team_6;no;55;0
2025-02-03;58;team_6;no;66;0
2025-02-04;58;team_6;no;71;0
2025-02-05;58;team_6;yes;38;90
2025-02-06;58;team_6;no;79;0
2025-02-07;58;team_6;no;71;0
2025-02-08;58;team_6;no;56;0
2025-02-09;58;team_6;no;61;0
2025-02-10;58;team_6;yes;29;90
2025-02-11;58;team_6;no;96;0
2025-02-12;58;team_6;no;51;0
2025-02-13;58;team_6;no;81;0
2025-02-14;58;team_6;no;65;0
2025-02-15;58;team_6;yes;38;90
2025-02-01;59;team_6;no;59;0
2025-02-02;59;team_6;no;71;0
2025-02-03;59;team_6;no;59;0
2025-02-04;59;team_6;no;79;0
2025-02-05;59;team_6;yes;37;90
2025-02-06;59;team_6;no;90;0
2025-02-07;59;team_6;no;78;0
2025-02-08;59;team_6;no;88;0
2025-02-09;59;team_6;no;82;0
2025-02-10;59;team_6;yes;29;90
2025-02-11;59;team_6;no;75;0
2025-02-12;59;team_6;no;60;0
2025-02-13;59;team_6;no;68;0
2025-02-14;59;team_6;no;82;0
2025-02-15;59;team_6;yes;33;90
2025-02-01;60;team_6;no;75;0
2025-02-02;60;team_6;no;60;0
2025-02-03;60;team_6;no;64;0
2025-02-04;60;team_6;no;62;0
2025-02-05;60;team_6;yes;32;90
2025-02-06;60;team_6;no;60;0
2025-02-07;60;team_6;no;76;0
2025-02-08;60;team_6;no;59;0
2025-02-09;60;team_6;no;88;0
2025-02-10;60;team_6;yes;32;90
2025-02-11;60;team_6;no;63;0
2025-02-12;60;team_6;no;72;0
2025-02-13;60;team_6;no;66;0
2025-02-14;60;team_6;no;74;0
2025-02-15;60;team_6;yes;31;90
2025-02-01;61;team_7;no;60;0
2025-02-02;61;team_7;no;62;0
2025-02-03;61;team_7;no;73;0
2025-02-04;61;team_7;no;86;0
2025-02-05;61;team_7;yes;35;90
2025-02-06;61;team_7;no;64;0
2025-02-07;61;team_7;no;78;0
2025-02-08;61;team_7;no;70;0
2025-02-09;61;team_7;no;73;0
2025-02-10;61;team_7;yes;31;90
2025-02-11;61;team_7;no;96;0
2025-02-12;61;team_7;no;58;0
2025-02-13;61;team_7;no;71;0
2025-02-14;61;team_7;no;52;0
2025-02-15;61;team_7;yes;33;90
2025-02-01;62;team_7;no;81;0
2025-02-02;62;team_7;no;84;0
2025-02-03;62;team_7;no;51;0
2025-02-04;62;team_7;no;74;0
2025-02-05;62;team_7;yes;38;90
2025-02-06;62;team_7;no;66;0
2025-02-07;62;team_7;no;68;0
2025-02-08;62;team_7;no;70;0
2025-02-09;62;team_7;no;74;0
2025-02-10;62;team_7;yes;33;90
2025-02-11;62;team_7;no;83;0
2025-02-12;62;team_7;no;69;0
2025-02-13;62;team_7;no;72;0
2025-02-14;62;team_7;no;95;0
2025-02-15;62;team_7;yes;32;90
2025-02-01;63;team_7;no;72;0
2025-02-02;63;team_7;no;57;0
2025-02-03;63;team_7;no;70;0
2025-02-04;63;team_7;no;68;0
2025-02-05;63;team_7;yes;30;90
2025-02-06;63;team_7;no;64;0
2025-02-07;63;team_7;no;63;0
2025-02-08;63;team_7;no;63;0
2025-02-09;63;team_7;no;68;0
2025-02-10;63;team_7;yes;37;90
2025-02-11;63;team_7;no;80;0
2025-02-12;63;team_7;no;66;0
2025-02-13;63;team_7;no;53;0
2025-02-14;63;team_7;no;62;0
2025-02-15;63;team_7;yes;28;90
2025-02-01;64;team_7;no;71;0
2025-02-02;64;team_7;no;63;0
2025-02-03;64;team_7;no;90;0
2025-02-04;64;team_7;no;67;0
2025-02-05;64;team_7;yes;24;90
2025-02-06;64;team_7;no;69;0
2025-02-07;64;team_7;no;60;0
2025-02-08;64;team_7;no;72;0
2025-02-09;64;team_7;no;72;0
2025-02-10;64;team_7;yes;32;90
2025-02-11;64;team_7;no;54;0
2025-02-12;64;team_7;no;72;0
2025-02-13;64;team_7;no;73;0
2025-02-14;64;team_7;no;56;0
2025-02-15;64;team_7;yes;35;90
2025-02-01;65;team_7;no;78;0
2025-02-02;65;team_7;no;93;0
2025-02-03;65;team_7;no;72;0
2025-02-04;65;team_7;no;70;0
2025-02-05;65;team_7;yes;30;90
2025-02-06;65;team_7;no;71;0
2025-02-07;65;team_7;no;52;0
2025-02-08;65;team_7;no;53;0
2025-02-09;65;team_7;no;69;0
2025-02-10;65;team_7;yes;27;90
2025-02-11;65;team_7;no;71;0
2025-02-12;65;team_7;no;49;0
2025-02-13;65;team_7;no;55;0
2025-02-14;65;team_7;no;59;0
2025-02-15;65;team_7;yes;35;90
2025-02-01;66;team_7;no;59;0
2025-02-02;66;team_7;no;62;0
2025-02-03;66;team_7;no;71;0
2025-02-04;66;team_7;no;67;0
2025-02-05;66;team_7;yes;31;90
2025-02-06;66;team_7;no;93;0
2025-02-07;66;team_7;no;59;0
2025-02-08;66;team_7;no;67;0
2025-02-09;66;team_7;no;65;0
2025-02-10;66;team_7;yes;38;90
2025-02-11;66;team_7;no;62;0
2025-02-12;66;team_7;no;69;0
2025-02-13;66;team_7;no;78;0
2025-02-14;66;team_7;no;59;0
2025-02-15;66;team_7;yes;38;90
2025-02-01;67;team_7;no;77;0
2025-02-02;67;team_7;no;59;0
2025-02-03;67;team_7;no;75;0
2025-02-04;67;team_7;no;68;0
2025-02-05;67;team_7;yes;32;90
2025-02-06;67;team_7;no;69;0
2025-02-07;67;team_7;no;81;0
2025-02-08;67;team_7;no;56;0
2025-02-09;67;team_7;no;65;0
2025-02-10;67;team_7;yes;29;90
2025-02-11;67;team_7;no;60;0
2025-02-12;67;team_7;no;60;0
2025-02-13;67;team_7;no;70;0
2025-02-14;67;team_7;no;69;0
2025-02-15;67;team_7;yes;17;90
2025-02-01;68;team_7;no;80;0
2025-02-02;68;team_7;no;72;0
2025-02-03;68;team_7;no;94;0
2025-02-04;68;team_7;no;77;0
2025-02-05;68;team_7;yes;28;90
2025-02-06;68;team_7;no;98;0
2025-02-07;68;team_7;no;98;0
2025-02-08;68;team_7;no;58;0
2025-02-09;68;team_7;no;75;0
2025-02-10;68;team_7;yes;29;90
2025-02-11;68;team_7;no;72;0
2025-02-12;68;team_7;no;72;0
2025-02-13;68;team_7;no;57;0
2025-02-14;68;team_7;no;73;0
2025-02-15;68;team_7;yes;39;90
2025-02-01;69;team_7;no;68;0
2025-02-02;69;team_7;no;68;0
2025-02-03;69;team_7;no;84;0
2025-02-04;69;team_7;no;79;0
2025-02-05;69;team_7;yes;22;90
2025-02-06;69;team_7;no;72;0
2025-02-07;69;team_7;no;87;0
2025-02-08;69;team_7;no;84;0
2025-02-09;69;team_7;no;74;0
2025-02-10;69;team_7;yes;34;90
2025-02-11;69;team_7;no;58;0
2025-02-12;69;team_7;no;73;0
2025-02-13;69;team_7;no;60;0
2025-02-14;69;team_7;no;65;0
2025-02-15;69;team_7;yes;35;90
2025-02-01;70;team_7;no;59;0
2025-02-02;70;team_7;no;73;0
2025-02-03;70;team_7;no;74;0
2025-02-04;70;team_7;no;71;0
2025-02-05;70;team_7;yes;39;90
2025-02-06;70;team_7;no;60;0
2025-02-07;70;team_7;no;76;0
2025-02-08;70;team_7;no;69;0
2025-02-09;70;team_7;no;67;0
2025-02-10;70;team_7;yes;32;90
2025-02-11;70;team_7;no;60;0
2025-02-12;70;team_7;no;57;0
2025-02-13;70;team_7;no;65;0
2025-02-14;70;team_7;no;88;0
2025-02-15;70;team_7;yes;30;90
2025-02-01;71;team_8;no;73;0
2025-02-02;71;team_8;no;68;0
2025-02-03;71;team_8;no;75;0
2025-02-04;71;team_8;no;60;0
2025-02-05;71;team_8;yes;36;90
2025-02-06;71;team_8;no;76;0
2025-02-07;71;team_8;no;62;0
2025-02-08;71;team_8;no;71;0
2025-02-09;71;team_8;no;77;0
2025-02-10;71;team_8;yes;33;90
2025-02-11;71;team_8;no;85;0
2025-02-12;71;team_8;no;64;0
2025-02-13;71;team_8;no;81;0
2025-02-14;71;team_8;no;80;0
2025-02-15;71;team_8;yes;29;90
2025-02-01;72;team_8;no;60;0
2025-02-02;72;team_8;no;59;0
2025-02-03;72;team_8;no;75;0
2025-02-04;72;team_8;no;69;0
2025-02-05;72;team_8;yes;39;90
2025-02-06;72;team_8;no;75;0
2025-02-07;72;team_8;no;66;0
2025-02-08;72;team_8;no;60;0
2025-02-09;72;team_8;no;64;0
2025-02-10;72;team_8;yes;32;90
2025-02-11;72;team_8;no;65;0
2025-02-12;72;team_8;no;75;0
2025-02-13;72;team_8;no;67;0
2025-02-14;72;team_8;no;69;0
2025-02-15;72;team_8;yes;26;90
2025-02-01;73;team_8;no;89;0
2025-02-02;73;team_8;no;73;0
2025-02-03;73;team_8;no;72;0
2025-02-04;73;team_8;no;53;0
2025-02-05;73;team_8;yes;33;90
2025-02-06;73;team_8;no;60;0
2025-02-07;73;team_8;no;61;0
2025-02-08;73;team_8;no;79;0
2025-02-09;73;team_8;no;65;0
2025-02-10;73;team_8;yes;21;90
2025-02-11;73;team_8;no;88;0
2025-02-12;73;team_8;no;46;0
2025-02-13;73;team_8;no;76;0
2025-02-14;73;team_8;no;80;0
2025-02-15;73;team_8;yes;27;90
2025-02-01;74;team_8;no;74;0
2025-02-02;74;team_8;no;74;0
2025-02-03;74;team_8;no;80;0
2025-02-04;74;team_8;no;75;0
2025-02-05;74;team_8;yes;29;90
2025-02-06;74;team_8;no;79;0
2025-02-07;74;team_8;no;78;0
2025-02-08;74;team_8;no;61;0
2025-02-09;74;team_8;no;56;0
2025-02-10;74;team_8;yes;31;90
2025-02-11;74;team_8;no;67;0
2025-02-12;74;team_8;no;60;0
2025-02-13;74;team_8;no;71;0
2025-02-14;74;team_8;no;57;0
2025-02-15;74;team_8;yes;31;90
2025-02-01;75;team_8;no;64;0
2025-02-02;75;team_8;no;80;0
2025-02-03;75;team_8;no;94;0
2025-02-04;75;team_8;no;61;0
2025-02-05;75;team_8;yes;35;90
2025-02-06;75;team_8;no;78;0
2025-02-07;75;team_8;no;69;0
2025-02-08;75;team_8;no;65;0
2025-02-09;75;team_8;no;86;0
2025-02-10;75;team_8;yes;20;90
2025-02-11;75;team_8;no;64;0
2025-02-12;75;team_8;no;56;0
2025-02-13;75;team_8;no;84;0
2025-02-14;75;team_8;no;68;0
2025-02-15;75;team_8;yes;27;90
2025-02-01;76;team_8;no;102;0
2025-02-02;76;team_8;no;69;0
2025-02-03;76;team_8;no;66;0
2025-02-04;76;team_8;no;73;0
2025-02-05;76;team_8;yes;22;90
2025-02-06;76;team_8;no;75;0
2025-02-07;76;team_8;no;69;0
2025-02-08;76;team_8;no;75;0
2025-02-09;76;team_8;no;60;0
2025-02-10;76;team_8;yes;25;90
2025-02-11;76;team_8;no;63;0
2025-02-12;76;team_8;no;62;0
2025-02-13;76;team_8;no;83;0
2025-02-14;76;team_8;no;86;0
2025-02-15;76;team_8;yes;29;90
2025-02-01;77;team_8;no;66;0
2025-02-02;77;team_8;no;67;0
2025-02-03;77;team_8;no;71;0
2025-02-04;77;team_8;no;71;0
2025-02-05;77;team_8;yes;31;90
2025-02-06;77;team_8;no;63;0
2025-02-07;77;team_8;no;62;0
2025-02-08;77;team_8;no;82;0
2025-02-09;77;team_8;no;65;0
2025-02-10;77;team_8;yes;32;90
2025-02-11;77;team_8;no;69;0
2025-02-12;77;team_8;no;60;0
2025-02-13;77;team_8;no;76;0
2025-02-14;77;team_8;no;72;0
2025-02-15;77;team_8;yes;37;90
2025-02-01;78;team_8;no;71;0
2025-02-02;78;team_8;no;67;0
2025-02-03;78;team_8;no;73;0
2025-02-04;78;team_8;no;58;0
2025-02-05;78;team_8;yes;26;90
2025-02-06;78;team_8;no;75;0
2025-02-07;78;team_8;no;67;0
2025-02-08;78;team_8;no;69;0
2025-02-09;78;team_8;no;69;0
2025-02-10;78;team_8;yes;27;90
2025-02-11;78;team_8;no;50;0
2025-02-12;78;team_8;no;73;0
2025-02-13;78;team_8;no;78;0
2025-02-14;78;team_8;no;57;0
2025-02-15;78;team_8;yes;37;90
2025-02-01;79;team_8;no;74;0
2025-02-02;79;team_8;no;83;0
2025-02-03;79;team_8;no;60;0
2025-02-04;79;team_8;no;72;0
2025-02-05;79;team_8;yes;29;90
2025-02-06;79;team_8;no;78;0
2025-02-07;79;team_8;no;64;0
2025-02-08;79;team_8;no;70;0
2025-02-09;79;team_8;no;52;0
2025-02-10;79;team_8;yes;26;90
2025-02-11;79;team_8;no;71;0
2025-02-12;79;team_8;no;63;0
2025-02-13;79;team_8;no;70;0
2025-02-14;79;team_8;no;65;0
2025-02-15;79;team_8;yes;33;90
2025-02-01;80;team_8;no;82;0
2025-02-02;80;team_8;no;62;0
2025-02-03;80;team_8;no;67;0
2025-02-04;80;team_8;no;84;0
2025-02-05;80;team_8;yes;19;90
2025-02-06;80;team_8;no;67;0
2025-02-07;80;team_8;no;91;0
2025-02-08;80;team_8;no;92;0
2025-02-09;80;team_8;no;72;0
2025-02-10;80;team_8;yes;26;90
2025-02-11;80;team_8;no;72;0
2025-02-12;80;team_8;no;63;0
2025-02-13;80;team_8;no;85;0
2025-02-14;80;team_8;no;62;0
2025-02-15;80;team_8;yes;32;90
2025-02-01;81;team_9;no;76;0
2025-02-02;81;team_9;no;62;0
2025-02-03;81;team_9;no;79;0
2025-02-04;81;team_9;no;63;0
2025-02-05;81;team_9;yes;33;90
2025-02-06;81;team_9;no;81;0
2025-02-07;81;team_9;no;60;0
2025-02-08;81;team_9;no;81;0
2025-02-09;81;team_9;no;65;0
2025-02-10;81;team_9;yes;31;90
2025-02-11;81;team_9;no;72;0
2025-02-12;81;team_9;no;66;0
2025-02-13;81;team_9;no;73;0
2025-02-14;81;team_9;no;58;0
2025-02-15;81;team_9;yes;29;90
2025-02-01;82;team_9;no;78;0
2025-02-02;82;team_9;no;48;0
2025-02-03;82;team_9;no;55;0
2025-02-04;82;team_9;no;58;0
2025-02-05;82;team_9;yes;22;90
2025-02-06;82;team_9;no;74;0
2025-02-07;82;team_9;no;60;0
2025-02-08;82;team_9;no;48;0
2025-02-09;82;team_9;no;64;0
2025-02-10;82;team_9;yes;28;90
2025-02-11;82;team_9;no;79;0
2025-02-12;82;team_9;no;59;0
2025-02-13;82;team_9;no;82;0
2025-02-14;82;team_9;no;74;0
2025-02-15;82;team_9;yes;32;90
2025-02-01;83;team_9;no;61;0
2025-02-02;83;team_9;no;90;0
2025-02-03;83;team_9;no;68;0
2025-02-04;83;team_9;no;52;0
2025-02-05;83;team_9;yes;29;90
2025-02-06;83;team_9;no;51;0
2025-02-07;83;team_9;no;67;0
2025-02-08;83;team_9;no;66;0
2025-02-09;83;team_9;no;77;0
2025-02-10;83;team_9;yes;35;90
2025-02-11;83;team_9;no;63;0
2025-02-12;83;team_9;no;78;0
2025-02-13;83;team_9;no;84;0
2025-02-14;83;team_9;no;62;0
2025-02-15;83;team_9;yes;27;90
2025-02-01;84;team_9;no;77;0
2025-02-02;84;team_9;no;72;0
2025-02-03;84;team_9;no;75;0
2025-02-04;84;team_9;no;84;0
2025-02-05;84;team_9;yes;32;90
2025-02-06;84;team_9;no;81;0
2025-02-07;84;team_9;no;76;0
2025-02-08;84;team_9;no;74;0
2025-02-09;84;team_9;no;74;0
2025-02-10;84;team_9;yes;36;90
2025-02-11;84;team_9;no;60;0
2025-02-12;84;team_9;no;59;0
2025-02-13;84;team_9;no;76;0
2025-02-14;84;team_9;no;69;0
2025-02-15;84;team_9;yes;30;90
2025-02-01;85;team_9;no;77;0
2025-02-02;85;team_9;no;78;0
2025-02-03;85;team_9;no;67;0
2025-02-04;85;team_9;no;67;0
2025-02-05;85;team_9;yes;30;90
2025-02-06;85;team_9;no;81;0
2025-02-07;85;team_9;no;74;0
2025-02-08;85;team_9;no;84;0
2025-02-09;85;team_9;no;70;0
2025-02-10;85;team_9;yes;36;90
2025-02-11;85;team_9;no;79;0
2025-02-12;85;team_9;no;76;0
2025-02-13;85;team_9;no;74;0
2025-02-14;85;team_9;no;67;0
2025-02-15;85;team_9;yes;29;90
2025-02-01;86;team_9;no;72;0
2025-02-02;86;team_9;no;70;0
2025-02-03;86;team_9;no;79;0
2025-02-04;86;team_9;no;69;0
2025-02-05;86;team_9;yes;30;90
2025-02-06;86;team_9;no;65;0
2025-02-07;86;team_9;no;69;0
2025-02-08;86;team_9;no;69;0
2025-02-09;86;team_9;no;47;0
2025-02-10;86;team_9;yes;23;90
2025-02-11;86;team_9;no;69;0
2025-02-12;86;team_9;no;67;0
2025-02-13;86;team_9;no;58;0
2025-02-14;86;team_9;no;50;0
2025-02-15;86;team_9;yes;28;90
2025-02-01;87;team_9;no;77;0
2025-02-02;87;team_9;no;88;0
2025-02-03;87;team_9;no;70;0
2025-02-04;87;team_9;no;85;0
2025-02-05;87;team_9;yes;30;90
2025-02-06;87;team_9;no;71;0
2025-02-07;87;team_9;no;73;0
2025-02-08;87;team_9;no;61;0
2025-02-09;87;team_9;no;69;0
2025-02-10;87;team_9;yes;35;90
2025-02-11;87;team_9;no;63;0
2025-02-12;87;team_9;no;67;0
2025-02-13;87;team_9;no;59;0
2025-02-14;87;team_9;no;74;0
2025-02-15;87;team_9;yes;32;90
2025-02-01;88;team_9;no;76;0
2025-02-02;88;team_9;no;58;0
2025-02-03;88;team_9;no;71;0
2025-02-04;88;team_9;no;61;0
2025-02-05;88;team_9;yes;30;90
2025-02-06;88;team_9;no;83;0
2025-02-07;88;team_9;no;65;0
2025-02-08;88;team_9;no;77;0
2025-02-09;88;team_9;no;63;0
2025-02-10;88;team_9;yes;28;90
2025-02-11;88;team_9;no;74;0
2025-02-12;88;team_9;no;63;0
2025-02-13;88;team_9;no;53;0
2025-02-14;88;team_9;no;83;0
2025-02-15;88;team_9;yes;32;90
2025-02-01;89;team_9;no;64;0
2025-02-02;89;team_9;no;50;0
2025-02-03;89;team_9;no;89;0
2025-02-04;89;team_9;no;104;0
2025-02-05;89;team_9;yes;31;90
2025-02-06;89;team_9;no;78;0
2025-02-07;89;team_9;no;82;0
2025-02-08;89;team_9;no;63;0
2025-02-09;89;team_9;no;66;0
2025-02-10;89;team_9;yes;21;90
2025-02-11;89;team_9;no;63;0
2025-02-12;89;team_9;no;76;0
2025-02-13;89;team_9;no;67;0
2025-02-14;89;team_9;no;68;0
2025-02-15;89;team_9;yes;29;90
2025-02-01;90;team_9;no;51;0
2025-02-02;90;team_9;no;78;0
2025-02-03;90;team_9;no;56;0
2025-02-04;90;team_9;no;68;0
2025-02-05;90;team_9;yes;28;90
2025-02-06;90;team_9;no;68;0
2025-02-07;90;team_9;no;85;0
2025-02-08;90;team_9;no;64;0
2025-02-09;90;team_9;no;62;0
2025-02-10;90;team_9;yes;22;90
2025-02-11;90;team_9;no;62;0
2025-02-12;90;team_9;no;58;0
2025-02-13;90;team_9;no;74;0
2025-02-14;90;team_9;no;61;0
2025-02-15;90;team_9;yes;32;90
2025-02-01;91;team_10;no;69;0
2025-02-02;91;team_10;no;56;0
2025-02-03;91;team_10;no;62;0
2025-02-04;91;team_10;no;79;0
2025-02-05;91;team_10;yes;35;90
2025-02-06;91;team_10;no;90;0
2025-02-07;91;team_10;no;70;0
2025-02-08;91;team_10;no;55;0
2025-02-09;91;team_10;no;62;0
2025-02-10;91;team_10;yes;32;90
2025-02-11;91;team_10;no;89;0
2025-02-12;91;team_10;no;71;0
2025-02-13;91;team_10;no;81;0
2025-02-14;91;team_10;no;78;0
2025-02-15;91;team_10;yes;24;90
2025-02-01;92;team_10;no;68;0
2025-02-02;92;team_10;no;83;0
2025-02-03;92;team_10;no;79;0
2025-02-04;92;team_10;no;75;0
2025-02-05;92;team_10;yes;32;90
2025-02-06;92;team_10;no;65;0
2025-02-07;92;team_10;no;57;0
2025-02-08;92;team_10;no;83;0
2025-02-09;92;team_10;no;56;0
2025-02-10;92;team_10;yes;25;90
2025-02-11;92;team_10;no;76;0
2025-02-12;92;team_10;no;57;0
2025-02-13;92;team_10;no;64;0
2025-02-14;92;team_10;no;58;0
2025-02-15;92;team_10;yes;33;90
2025-02-01;93;team_10;no;74;0
2025-02-02;93;team_10;no;74;0
2025-02-03;93;team_10;no;74;0
2025-02-04;93;team_10;no;76;0
2025-02-05;93;team_10;yes;33;90
2025-02-06;93;team_10;no;50;0
2025-02-07;93;team_10;no;69;0
2025-02-08;93;team_10;no;71;0
2025-02-09;93;team_10;no;77;0
2025-02-10;93;team_10;yes;24;90
2025-02-11;93;team_10;no;65;0
2025-02-12;93;team_10;no;59;0
2025-02-13;93;team_10;no;81;0
2025-02-14;93;team_10;no;83;0
2025-02-15;93;team_10;yes;34;90
2025-02-01;94;team_10;no;58;0
2025-02-02;94;team_10;no;75;0
2025-02-03;94;team_10;no;82;0
2025-02-04;94;team_10;no;72;0
2025-02-05;94;team_10;yes;27;90
2025-02-06;94;team_10;no;59;0
2025-02-07;94;team_10;no;63;0
2025-02-08;94;team_10;no;77;0
2025-02-09;94;team_10;no;66;0
2025-02-10;94;team_10;yes;31;90
2025-02-11;94;team_10;no;83;0
2025-02-12;94;team_10;no;76;0
2025-02-13;94;team_10;no;84;0
2025-02-14;94;team_10;no;53;0
2025-02-15;94;team_10;yes;29;90
2025-02-01;95;team_10;no;71;0
2025-02-02;95;team_10;no;76;0
2025-02-03;95;team_10;no;58;0
2025-02-04;95;team_10;no;78;0
2025-02-05;95;team_10;yes;32;90
2025-02-06;95;team_10;no;73;0
2025-02-07;95;team_10;no;75;0
2025-02-08;95;team_10;no;69;0
2025-02-09;95;team_10;no;79;0
2025-02-10;95;team_10;yes;33;90
2025-02-11;95;team_10;no;68;0
2025-02-12;95;team_10;no;80;0
2025-02-13;95;team_10;no;73;0
2025-02-14;95;team_10;no;77;0
2025-02-15;95;team_10;yes;27;90
2025-02-01;96;team_10;no;86;0
2025-02-02;96;team_10;no;70;0
2025-02-03;96;team_10;no;78;0
2025-02-04;96;team_10;no;69;0
2025-02-05;96;team_10;yes;29;90
2025-02-06;96;team_10;no;78;0
2025-02-07;96;team_10;no;54;0
2025-02-08;96;team_10;no;75;0
2025-02-09;96;team_10;no;74;0
2025-02-10;96;team_10;yes;17;90
2025-02-11;96;team_10;no;74;0
2025-02-12;96;team_10;no;48;0
2025-02-13;96;team_10;no;77;0
2025-02-14;96;team_10;no;65;0
2025-02-15;96;team_10;yes;27;90
2025-02-01;97;team_10;no;70;0
2025-02-02;97;team_10;no;84;0
2025-02-03;97;team_10;no;64;0
2025-02-04;97;team_10;no;76;0
2025-02-05;97;team_10;yes;32;90
2025-02-06;97;team_10;no;58;0
2025-02-07;97;team_10;no;53;0
2025-02-08;97;team_10;no;50;0
2025-02-09;97;team_10;no;76;0
2025-02-10;97;team_10;yes;30;90
2025-02-11;97;team_10;no;89;0
2025-02-12;97;team_10;no;76;0
2025-02-13;97;team_10;no;78;0
2025-02-14;97;team_10;no;83;0
2025-02-15;97;team_10;yes;27;90
2025-02-01;98;team_10;no;75;0
2025-02-02;98;team_10;no;79;0
2025-02-03;98;team_10;no;84;0
2025-02-04;98;team_10;no;78;0
2025-02-05;98;team_10;yes;32;90
2025-02-06;98;team_10;no;61;0
2025-02-07;98;team_10;no;77;0
2025-02-08;98;team_10;no;75;0
2025-02-09;98;team_10;no;76;0
2025-02-10;98;team_10;yes;32;90
2025-02-11;98;team_10;no;68;0
2025-02-12;98;team_10;no;69;0
2025-02-13;98;team_10;no;77;0
2025-02-14;98;team_10;no;72;0
2025-02-15;98;team_10;yes;26;90
2025-02-01;99;team_10;no;67;0
2025-02-02;99;team_10;no;57;0
2025-02-03;99;team_10;no;60;0
2025-02-04;99;team_10;no;69;0
2025-02-05;99;team_10;yes;21;90
2025-02-06;99;team_10;no;53;0
2025-02-07;99;team_10;no;81;0
2025-02-08;99;team_10;no;64;0
2025-02-09;99;team_10;no;51;0
2025-02-10;99;team_10;yes;29;90
2025-02-11;99;team_10;no;83;0
2025-02-12;99;team_10;no;77;0
2025-02-13;99;team_10;no;74;0
2025-02-14;99;team_10;no;82;0
2025-02-15;99;team_10;yes;26;90
2025-02-01;100;team_10;no;77;0
2025-02-02;100;team_10;no;64;0
2025-02-03;100;team_10;no;70;0
2025-02-04;100;team_10;no;92;0
2025-02-05;100;team_10;yes;35;90
2025-02-06;100;team_10;no;78;0
2025-02-07;100;team_10;no;59;0
2025-02-08;100;team_10;no;62;0
2025-02-09;100;team_10;no;93;0
2025-02-10;100;team_10;yes;25;90
2025-02-11;100;team_10;no;72;0
2025-02-12;100;team_10;no;79;0
2025-02-13;100;team_10;no;80;0
2025-02-14;100;team_10;no;81;0
2025-02-15;100;team_10;yes;29;90